circuit_id,circuit_qasm,theoretical_counts,practical_counts,image_path
0,"OPENQASM 2.0;
include ""qelib1.inc"";
gate mcx q0,q1,q2,q3 { h q3; p(pi/8) q0; p(pi/8) q1; p(pi/8) q2; p(pi/8) q3; cx q0,q1; p(-pi/8) q1; cx q0,q1; cx q1,q2; p(-pi/8) q2; cx q0,q2; p(pi/8) q2; cx q1,q2; p(-pi/8) q2; cx q0,q2; cx q2,q3; p(-pi/8) q3; cx q1,q3; p(pi/8) q3; cx q2,q3; p(-pi/8) q3; cx q0,q3; p(pi/8) q3; cx q2,q3; p(-pi/8) q3; cx q1,q3; p(pi/8) q3; cx q2,q3; p(-pi/8) q3; cx q0,q3; h q3; }
gate mcx_2220474255696 q0,q1,q2,q3,q4 { h q4; cp(pi/2) q3,q4; h q4; h q3; t q3; cx q2,q3; tdg q3; h q3; cx q0,q3; t q3; cx q1,q3; tdg q3; cx q0,q3; t q3; cx q1,q3; tdg q3; h q3; t q3; cx q2,q3; tdg q3; h q3; h q4; cp(-pi/2) q3,q4; h q4; h q3; t q3; cx q2,q3; tdg q3; h q3; t q3; cx q1,q3; tdg q3; cx q0,q3; t q3; cx q1,q3; tdg q3; cx q0,q3; h q3; t q3; cx q2,q3; tdg q3; h q3; h q4; cp(pi/8) q0,q4; h q4; cx q0,q1; h q4; cp(-pi/8) q1,q4; h q4; cx q0,q1; h q4; cp(pi/8) q1,q4; h q4; cx q1,q2; h q4; cp(-pi/8) q2,q4; h q4; cx q0,q2; h q4; cp(pi/8) q2,q4; h q4; cx q1,q2; h q4; cp(-pi/8) q2,q4; h q4; cx q0,q2; h q4; cp(pi/8) q2,q4; h q4; }
qreg q[5];
creg meas[5];
rx(4.805600228931932) q[4];
ccx q[0],q[1],q[2];
ry(0.21853559565976213) q[3];
barrier q[0],q[1],q[2],q[3],q[4];
cx q[0],q[3];
ry(0.36576689149759223) q[4];
cx q[1],q[2];
barrier q[0],q[1],q[2],q[3],q[4];
mcx q[0],q[2],q[3],q[4];
barrier q[0],q[1],q[2],q[3],q[4];
ry(3.132952389341012) q[4];
ry(2.9999533117043318) q[1];
rz(4.460115747789835) q[2];
rx(0.2086003593550874) q[3];
rx(4.998034810487616) q[0];
barrier q[0],q[1],q[2],q[3],q[4];
mcx q[1],q[2],q[3],q[4];
barrier q[0],q[1],q[2],q[3],q[4];
ry(3.3948538475063184) q[4];
rz(2.3317540449241236) q[1];
rx(0.9272501021209588) q[3];
rz(1.676794787633489) q[2];
barrier q[0],q[1],q[2],q[3],q[4];
rx(2.872100954284486) q[0];
rz(3.824167855608651) q[3];
barrier q[0],q[1],q[2],q[3],q[4];
rz(3.8104912225437984) q[1];
cx q[0],q[3];
rx(3.3818111285156505) q[2];
barrier q[0],q[1],q[2],q[3],q[4];
rz(4.770120835157543) q[2];
rz(5.203793220940892) q[1];
rz(4.541062941614236) q[0];
cx q[3],q[4];
barrier q[0],q[1],q[2],q[3],q[4];
rz(6.2754755132314415) q[4];
rz(4.038653657011348) q[3];
rz(1.663025911335953) q[0];
ry(1.5104435011239767) q[1];
ry(3.481393218052742) q[2];
barrier q[0],q[1],q[2],q[3],q[4];
rz(4.037617351494246) q[2];
ccx q[0],q[1],q[4];
rz(5.02933203999718) q[3];
barrier q[0],q[1],q[2],q[3],q[4];
mcx_2220474255696 q[0],q[1],q[2],q[3],q[4];
barrier q[0],q[1],q[2],q[3],q[4];
rz(5.761198258078175) q[4];
rx(5.070578377264315) q[3];
cx q[0],q[1];
barrier q[0],q[1],q[2],q[3],q[4];
barrier q[0],q[1],q[2],q[3],q[4];
measure q[0] -> meas[0];
measure q[1] -> meas[1];
measure q[2] -> meas[2];
measure q[3] -> meas[3];
measure q[4] -> meas[4];","{""10011"": 106, ""00010"": 53, ""01010"": 94, ""11000"": 28, ""00001"": 121, ""01000"": 66, ""00000"": 47, ""11001"": 148, ""10000"": 89, ""10010"": 106, ""01011"": 101, ""10001"": 2, ""01001"": 21, ""11010"": 22, ""11011"": 14, ""00011"": 2, ""01111"": 1, ""11101"": 1, ""01100"": 2}",{},circuit_images\circuit_000.png
1,"OPENQASM 2.0;
include ""qelib1.inc"";
qreg q[5];
creg meas[5];
ccx q[0],q[3],q[4];
rx(0.8970793510649826) q[2];
barrier q[0],q[1],q[2],q[3],q[4];
ccx q[2],q[3],q[4];
cx q[0],q[1];
barrier q[0],q[1],q[2],q[3],q[4];
ry(3.748753330309362) q[3];
ry(3.715225511210912) q[0];
rz(0.4029258349499475) q[2];
cx q[1],q[4];
barrier q[0],q[1],q[2],q[3],q[4];
rx(5.793397840601634) q[1];
rz(4.551751865734166) q[0];
ry(6.046745059146755) q[3];
barrier q[0],q[1],q[2],q[3],q[4];
cx q[2],q[3];
ry(5.873045285199083) q[0];
ry(2.2833796119547687) q[1];
rx(5.007282916392282) q[4];
barrier q[0],q[1],q[2],q[3],q[4];
cx q[2],q[4];
rx(3.671274890451298) q[3];
cx q[0],q[1];
barrier q[0],q[1],q[2],q[3],q[4];
rx(3.6453892435226356) q[3];
rz(2.319972040006576) q[1];
rz(2.4648719772662275) q[0];
barrier q[0],q[1],q[2],q[3],q[4];
rz(5.311440432413721) q[0];
cx q[1],q[4];
cx q[2],q[3];
barrier q[0],q[1],q[2],q[3],q[4];
barrier q[0],q[1],q[2],q[3],q[4];
measure q[0] -> meas[0];
measure q[1] -> meas[1];
measure q[2] -> meas[2];
measure q[3] -> meas[3];
measure q[4] -> meas[4];","{""01101"": 36, ""01011"": 36, ""01001"": 258, ""00001"": 109, ""11001"": 146, ""11011"": 83, ""01110"": 8, ""11101"": 59, ""10101"": 16, ""10011"": 26, ""00110"": 3, ""11010"": 47, ""10110"": 3, ""10010"": 16, ""11000"": 7, ""01010"": 19, ""01111"": 15, ""10001"": 57, ""10111"": 4, ""01000"": 12, ""00101"": 11, ""00011"": 12, ""00010"": 14, ""10000"": 3, ""11111"": 6, ""00000"": 3, ""11110"": 5, ""11100"": 3, ""00111"": 3, ""01100"": 3, ""10100"": 1}",{},circuit_images\circuit_001.png
2,"OPENQASM 2.0;
include ""qelib1.inc"";
gate mcx q0,q1,q2,q3 { h q3; p(pi/8) q0; p(pi/8) q1; p(pi/8) q2; p(pi/8) q3; cx q0,q1; p(-pi/8) q1; cx q0,q1; cx q1,q2; p(-pi/8) q2; cx q0,q2; p(pi/8) q2; cx q1,q2; p(-pi/8) q2; cx q0,q2; cx q2,q3; p(-pi/8) q3; cx q1,q3; p(pi/8) q3; cx q2,q3; p(-pi/8) q3; cx q0,q3; p(pi/8) q3; cx q2,q3; p(-pi/8) q3; cx q1,q3; p(pi/8) q3; cx q2,q3; p(-pi/8) q3; cx q0,q3; h q3; }
qreg q[5];
creg meas[5];
rx(5.079658644837219) q[1];
ccx q[0],q[2],q[3];
barrier q[0],q[1],q[2],q[3],q[4];
mcx q[0],q[1],q[2],q[4];
barrier q[0],q[1],q[2],q[3],q[4];
cx q[3],q[4];
rz(0.9711199905788535) q[1];
cx q[0],q[2];
barrier q[0],q[1],q[2],q[3],q[4];
rx(4.884223394588634) q[4];
rz(4.91840330772379) q[1];
rz(2.6041013743000874) q[3];
barrier q[0],q[1],q[2],q[3],q[4];
cx q[0],q[1];
cx q[3],q[4];
rx(5.015051480607244) q[2];
barrier q[0],q[1],q[2],q[3],q[4];
ry(0.007013326188831824) q[4];
cx q[0],q[1];
rz(2.7262494100354293) q[2];
rz(6.2007871173823315) q[3];
barrier q[0],q[1],q[2],q[3],q[4];
rx(4.006672233338015) q[1];
rz(1.98025875760683) q[4];
ry(4.546378026111309) q[2];
barrier q[0],q[1],q[2],q[3],q[4];
rx(5.875328147450567) q[2];
rx(3.8873316574453223) q[1];
barrier q[0],q[1],q[2],q[3],q[4];
rx(3.0022431553504636) q[1];
rx(1.047660995646666) q[2];
ry(3.0417769445107954) q[4];
rx(0.4574117924136288) q[0];
rx(3.2378866400103394) q[3];
barrier q[0],q[1],q[2],q[3],q[4];
ccx q[0],q[1],q[2];
barrier q[0],q[1],q[2],q[3],q[4];
ry(2.8785395764868436) q[2];
ry(5.307044197073355) q[3];
ry(4.8986959615101195) q[0];
cx q[1],q[4];
barrier q[0],q[1],q[2],q[3],q[4];
rx(5.559854497548291) q[0];
rz(5.367766233746399) q[2];
cx q[1],q[3];
ry(2.2147873753875214) q[4];
barrier q[0],q[1],q[2],q[3],q[4];
barrier q[0],q[1],q[2],q[3],q[4];
measure q[0] -> meas[0];
measure q[1] -> meas[1];
measure q[2] -> meas[2];
measure q[3] -> meas[3];
measure q[4] -> meas[4];","{""00010"": 39, ""10011"": 265, ""00011"": 36, ""11011"": 64, ""10010"": 351, ""10111"": 54, ""01010"": 14, ""11010"": 98, ""11111"": 14, ""11000"": 26, ""00111"": 8, ""00001"": 1, ""01000"": 5, ""01011"": 10, ""10000"": 6, ""11001"": 8, ""10001"": 3, ""10110"": 8, ""01111"": 4, ""00110"": 2, ""00000"": 2, ""11110"": 4, ""11100"": 1, ""11101"": 1}",{},circuit_images\circuit_002.png
3,"OPENQASM 2.0;
include ""qelib1.inc"";
gate mcx q0,q1,q2,q3 { h q3; p(pi/8) q0; p(pi/8) q1; p(pi/8) q2; p(pi/8) q3; cx q0,q1; p(-pi/8) q1; cx q0,q1; cx q1,q2; p(-pi/8) q2; cx q0,q2; p(pi/8) q2; cx q1,q2; p(-pi/8) q2; cx q0,q2; cx q2,q3; p(-pi/8) q3; cx q1,q3; p(pi/8) q3; cx q2,q3; p(-pi/8) q3; cx q0,q3; p(pi/8) q3; cx q2,q3; p(-pi/8) q3; cx q1,q3; p(pi/8) q3; cx q2,q3; p(-pi/8) q3; cx q0,q3; h q3; }
qreg q[5];
creg meas[5];
mcx q[1],q[2],q[3],q[4];
rz(3.176146295014884) q[0];
barrier q[0],q[1],q[2],q[3],q[4];
cx q[1],q[4];
rx(0.36871083060506915) q[2];
barrier q[0],q[1],q[2],q[3],q[4];
ry(3.0626034248155327) q[3];
ry(2.4893682866614872) q[0];
rx(1.4926989030381843) q[2];
rx(0.547993003675228) q[1];
barrier q[0],q[1],q[2],q[3],q[4];
rz(1.6255024677923338) q[0];
rx(0.5166654060693567) q[3];
cx q[1],q[4];
ry(2.35479442167137) q[2];
barrier q[0],q[1],q[2],q[3],q[4];
cx q[2],q[4];
rz(3.685653637331229) q[0];
ry(1.4945010685560673) q[1];
rx(2.291417373005086) q[3];
barrier q[0],q[1],q[2],q[3],q[4];
rz(5.0766791351634595) q[4];
cx q[1],q[2];
barrier q[0],q[1],q[2],q[3],q[4];
ry(1.9336778471312746) q[2];
rx(2.4623806868175446) q[3];
rz(1.648588022036692) q[1];
rz(1.406156109401184) q[0];
barrier q[0],q[1],q[2],q[3],q[4];
ry(5.847808705740614) q[3];
ccx q[0],q[1],q[2];
ry(0.6268439326994867) q[4];
barrier q[0],q[1],q[2],q[3],q[4];
cx q[0],q[3];
rz(3.6050416761693227) q[1];
ry(0.47609307134908013) q[4];
rz(2.4604980222753374) q[2];
barrier q[0],q[1],q[2],q[3],q[4];
cx q[2],q[4];
cx q[1],q[3];
barrier q[0],q[1],q[2],q[3],q[4];
rx(3.14615799940047) q[1];
cx q[0],q[4];
rz(4.655814881672144) q[2];
rx(3.7417551441581844) q[3];
barrier q[0],q[1],q[2],q[3],q[4];
rz(2.2625928497042778) q[0];
rx(5.586997710330828) q[3];
cx q[1],q[4];
rz(3.308236916337874) q[2];
barrier q[0],q[1],q[2],q[3],q[4];
rx(0.9471623353942474) q[1];
cx q[2],q[4];
rz(5.313932546559567) q[3];
barrier q[0],q[1],q[2],q[3],q[4];
barrier q[0],q[1],q[2],q[3],q[4];
measure q[0] -> meas[0];
measure q[1] -> meas[1];
measure q[2] -> meas[2];
measure q[3] -> meas[3];
measure q[4] -> meas[4];","{""01111"": 130, ""10001"": 122, ""11001"": 55, ""01101"": 71, ""00111"": 121, ""10110"": 21, ""00101"": 37, ""11011"": 142, ""01000"": 7, ""10011"": 27, ""10111"": 33, ""00010"": 17, ""10010"": 1, ""00001"": 42, ""00110"": 3, ""10101"": 52, ""11101"": 45, ""00011"": 8, ""11110"": 9, ""01010"": 10, ""00100"": 6, ""11010"": 1, ""10100"": 7, ""01011"": 9, ""11111"": 12, ""00000"": 6, ""01001"": 11, ""11000"": 4, ""11100"": 3, ""01100"": 8, ""01110"": 1, ""10000"": 3}",{},circuit_images\circuit_003.png
4,"OPENQASM 2.0;
include ""qelib1.inc"";
qreg q[5];
creg meas[5];
rx(0.46460597882242793) q[0];
cx q[1],q[3];
cx q[2],q[4];
barrier q[0],q[1],q[2],q[3],q[4];
ry(0.8014243154832067) q[2];
rz(4.5331061142782465) q[3];
cx q[0],q[4];
barrier q[0],q[1],q[2],q[3],q[4];
ry(0.06614678630194593) q[2];
rx(1.994577759206104) q[4];
rz(5.357259661371605) q[0];
barrier q[0],q[1],q[2],q[3],q[4];
cx q[3],q[4];
rz(4.2310791205771485) q[1];
barrier q[0],q[1],q[2],q[3],q[4];
cx q[1],q[4];
cx q[2],q[3];
ry(5.495746051797758) q[0];
barrier q[0],q[1],q[2],q[3],q[4];
cx q[1],q[4];
ccx q[0],q[2],q[3];
barrier q[0],q[1],q[2],q[3],q[4];
rx(2.0842939412622212) q[1];
ry(0.11401170522667976) q[3];
cx q[0],q[4];
barrier q[0],q[1],q[2],q[3],q[4];
rz(5.404498038972566) q[3];
rz(2.662398472288475) q[0];
ry(4.255963745417257) q[2];
rx(4.7386977202304985) q[1];
rx(0.9016262988237536) q[4];
barrier q[0],q[1],q[2],q[3],q[4];
cx q[0],q[1];
barrier q[0],q[1],q[2],q[3],q[4];
barrier q[0],q[1],q[2],q[3],q[4];
measure q[0] -> meas[0];
measure q[1] -> meas[1];
measure q[2] -> meas[2];
measure q[3] -> meas[3];
measure q[4] -> meas[4];","{""10100"": 473, ""10010"": 13, ""00011"": 88, ""10000"": 173, ""00111"": 29, ""10110"": 37, ""00100"": 5, ""10011"": 39, ""10111"": 20, ""11100"": 27, ""11000"": 96, ""11010"": 10, ""00001"": 6, ""00101"": 1, ""01111"": 1, ""11110"": 1, ""01000"": 1, ""10101"": 2, ""00000"": 1, ""10001"": 1}",{},circuit_images\circuit_004.png
5,"OPENQASM 2.0;
include ""qelib1.inc"";
gate mcx q0,q1,q2,q3 { h q3; p(pi/8) q0; p(pi/8) q1; p(pi/8) q2; p(pi/8) q3; cx q0,q1; p(-pi/8) q1; cx q0,q1; cx q1,q2; p(-pi/8) q2; cx q0,q2; p(pi/8) q2; cx q1,q2; p(-pi/8) q2; cx q0,q2; cx q2,q3; p(-pi/8) q3; cx q1,q3; p(pi/8) q3; cx q2,q3; p(-pi/8) q3; cx q0,q3; p(pi/8) q3; cx q2,q3; p(-pi/8) q3; cx q1,q3; p(pi/8) q3; cx q2,q3; p(-pi/8) q3; cx q0,q3; h q3; }
qreg q[5];
creg meas[5];
ry(1.0992491068653805) q[3];
rz(1.2947937242101069) q[4];
rx(2.7279852228198886) q[1];
rz(4.9138543082750745) q[2];
barrier q[0],q[1],q[2],q[3],q[4];
rz(5.643866486565611) q[3];
cx q[2],q[4];
barrier q[0],q[1],q[2],q[3],q[4];
ry(2.0283421253062452) q[4];
ccx q[0],q[1],q[3];
ry(1.4808759496333537) q[2];
barrier q[0],q[1],q[2],q[3],q[4];
cx q[1],q[4];
rx(3.12074501844596) q[0];
cx q[2],q[3];
barrier q[0],q[1],q[2],q[3],q[4];
ccx q[0],q[2],q[4];
barrier q[0],q[1],q[2],q[3],q[4];
cx q[0],q[3];
cx q[1],q[2];
rz(0.020707058374317057) q[4];
barrier q[0],q[1],q[2],q[3],q[4];
ccx q[2],q[3],q[4];
ry(2.914085000311782) q[1];
barrier q[0],q[1],q[2],q[3],q[4];
rx(4.104286944083852) q[0];
cx q[2],q[4];
rz(0.38997056276684755) q[3];
rz(0.6701227564129971) q[1];
barrier q[0],q[1],q[2],q[3],q[4];
rz(5.341488491900626) q[0];
rx(2.126145848176335) q[4];
ccx q[1],q[2],q[3];
barrier q[0],q[1],q[2],q[3],q[4];
mcx q[0],q[1],q[3],q[4];
rz(1.8852822079904912) q[2];
barrier q[0],q[1],q[2],q[3],q[4];
rx(4.060523290603616) q[2];
cx q[0],q[4];
rz(3.3798727668357373) q[1];
barrier q[0],q[1],q[2],q[3],q[4];
barrier q[0],q[1],q[2],q[3],q[4];
measure q[0] -> meas[0];
measure q[1] -> meas[1];
measure q[2] -> meas[2];
measure q[3] -> meas[3];
measure q[4] -> meas[4];","{""01100"": 97, ""01000"": 76, ""10001"": 3, ""11100"": 119, ""01001"": 23, ""00100"": 235, ""10101"": 60, ""00101"": 51, ""11000"": 94, ""10100"": 126, ""01110"": 12, ""10110"": 7, ""00000"": 7, ""00110"": 12, ""01101"": 30, ""11101"": 27, ""11001"": 19, ""11010"": 2, ""00010"": 1, ""10000"": 8, ""10011"": 2, ""10010"": 2, ""11111"": 2, ""00001"": 4, ""11110"": 4, ""00011"": 1}",{},circuit_images\circuit_005.png
6,"OPENQASM 2.0;
include ""qelib1.inc"";
qreg q[5];
creg meas[5];
rz(2.3089654157282107) q[3];
rz(0.5969515648429152) q[0];
ry(1.7067910064920873) q[4];
rx(4.893138728161275) q[1];
barrier q[0],q[1],q[2],q[3],q[4];
cx q[3],q[4];
barrier q[0],q[1],q[2],q[3],q[4];
rz(2.0127342690780674) q[3];
ry(2.2617221871067437) q[2];
rz(1.0857307058026624) q[0];
barrier q[0],q[1],q[2],q[3],q[4];
rx(3.2035184434941177) q[3];
rx(3.6024541249713153) q[2];
cx q[0],q[4];
barrier q[0],q[1],q[2],q[3],q[4];
rz(1.669431996003812) q[1];
ry(1.036755171084154) q[2];
rz(1.4848076442062055) q[3];
barrier q[0],q[1],q[2],q[3],q[4];
ry(4.706087414870012) q[0];
cx q[2],q[3];
ry(4.225466424118464) q[1];
barrier q[0],q[1],q[2],q[3],q[4];
ry(2.4689147729238248) q[0];
rz(1.8288682777504432) q[2];
barrier q[0],q[1],q[2],q[3],q[4];
cx q[0],q[2];
ry(3.639367916001081) q[4];
cx q[1],q[3];
barrier q[0],q[1],q[2],q[3],q[4];
cx q[2],q[3];
rx(3.5389418818092624) q[1];
rz(3.815792103598235) q[0];
rz(4.640023307169906) q[4];
barrier q[0],q[1],q[2],q[3],q[4];
rz(1.4777777078022265) q[1];
rz(2.8927865732421476) q[3];
ry(1.5749071621114283) q[0];
rx(2.19867644285701) q[4];
barrier q[0],q[1],q[2],q[3],q[4];
cx q[0],q[1];
rz(1.3681383708683084) q[2];
barrier q[0],q[1],q[2],q[3],q[4];
rx(1.7672771240022267) q[2];
cx q[3],q[4];
rz(5.785157157196524) q[0];
ry(2.7242463561071304) q[1];
barrier q[0],q[1],q[2],q[3],q[4];
barrier q[0],q[1],q[2],q[3],q[4];
measure q[0] -> meas[0];
measure q[1] -> meas[1];
measure q[2] -> meas[2];
measure q[3] -> meas[3];
measure q[4] -> meas[4];","{""10110"": 60, ""00110"": 84, ""01110"": 25, ""00101"": 88, ""11001"": 23, ""10001"": 72, ""00011"": 32, ""10101"": 51, ""00010"": 181, ""10010"": 100, ""00001"": 141, ""10111"": 4, ""11110"": 34, ""11010"": 21, ""00000"": 2, ""01101"": 13, ""11111"": 10, ""11101"": 23, ""01001"": 14, ""01111"": 4, ""01010"": 8, ""10011"": 8, ""00100"": 1, ""01011"": 5, ""11100"": 5, ""11011"": 6, ""00111"": 4, ""10100"": 2, ""01000"": 1, ""11000"": 1, ""01100"": 1}",{},circuit_images\circuit_006.png
7,"OPENQASM 2.0;
include ""qelib1.inc"";
qreg q[5];
creg meas[5];
ry(4.568493855996468) q[0];
rx(1.8604427890931314) q[4];
cx q[2],q[3];
barrier q[0],q[1],q[2],q[3],q[4];
cx q[0],q[4];
cx q[1],q[3];
barrier q[0],q[1],q[2],q[3],q[4];
cx q[0],q[2];
rx(3.4632856369738527) q[1];
barrier q[0],q[1],q[2],q[3],q[4];
cx q[1],q[4];
cx q[0],q[3];
rz(3.601417269693705) q[2];
barrier q[0],q[1],q[2],q[3],q[4];
rz(4.60538972245056) q[0];
rz(2.379962883222695) q[3];
rx(0.9582189442988739) q[1];
cx q[2],q[4];
barrier q[0],q[1],q[2],q[3],q[4];
ry(0.01264240964745603) q[3];
ccx q[1],q[2],q[4];
rx(6.05824443220246) q[0];
barrier q[0],q[1],q[2],q[3],q[4];
barrier q[0],q[1],q[2],q[3],q[4];
measure q[0] -> meas[0];
measure q[1] -> meas[1];
measure q[2] -> meas[2];
measure q[3] -> meas[3];
measure q[4] -> meas[4];","{""01101"": 78, ""11110"": 2, ""00010"": 196, ""11111"": 324, ""00011"": 4, ""10010"": 109, ""01111"": 146, ""10000"": 45, ""00000"": 59, ""11101"": 53, ""01100"": 3, ""10001"": 1, ""01110"": 3, ""10011"": 1}",{},circuit_images\circuit_007.png
8,"OPENQASM 2.0;
include ""qelib1.inc"";
gate mcx q0,q1,q2,q3 { h q3; p(pi/8) q0; p(pi/8) q1; p(pi/8) q2; p(pi/8) q3; cx q0,q1; p(-pi/8) q1; cx q0,q1; cx q1,q2; p(-pi/8) q2; cx q0,q2; p(pi/8) q2; cx q1,q2; p(-pi/8) q2; cx q0,q2; cx q2,q3; p(-pi/8) q3; cx q1,q3; p(pi/8) q3; cx q2,q3; p(-pi/8) q3; cx q0,q3; p(pi/8) q3; cx q2,q3; p(-pi/8) q3; cx q1,q3; p(pi/8) q3; cx q2,q3; p(-pi/8) q3; cx q0,q3; h q3; }
gate mcx_2220599546784 q0,q1,q2,q3,q4 { h q4; cp(pi/2) q3,q4; h q4; h q3; t q3; cx q2,q3; tdg q3; h q3; cx q0,q3; t q3; cx q1,q3; tdg q3; cx q0,q3; t q3; cx q1,q3; tdg q3; h q3; t q3; cx q2,q3; tdg q3; h q3; h q4; cp(-pi/2) q3,q4; h q4; h q3; t q3; cx q2,q3; tdg q3; h q3; t q3; cx q1,q3; tdg q3; cx q0,q3; t q3; cx q1,q3; tdg q3; cx q0,q3; h q3; t q3; cx q2,q3; tdg q3; h q3; h q4; cp(pi/8) q0,q4; h q4; cx q0,q1; h q4; cp(-pi/8) q1,q4; h q4; cx q0,q1; h q4; cp(pi/8) q1,q4; h q4; cx q1,q2; h q4; cp(-pi/8) q2,q4; h q4; cx q0,q2; h q4; cp(pi/8) q2,q4; h q4; cx q1,q2; h q4; cp(-pi/8) q2,q4; h q4; cx q0,q2; h q4; cp(pi/8) q2,q4; h q4; }
gate mcx_2220599548416 q0,q1,q2,q3,q4 { h q4; cp(pi/2) q3,q4; h q4; h q3; t q3; cx q2,q3; tdg q3; h q3; cx q0,q3; t q3; cx q1,q3; tdg q3; cx q0,q3; t q3; cx q1,q3; tdg q3; h q3; t q3; cx q2,q3; tdg q3; h q3; h q4; cp(-pi/2) q3,q4; h q4; h q3; t q3; cx q2,q3; tdg q3; h q3; t q3; cx q1,q3; tdg q3; cx q0,q3; t q3; cx q1,q3; tdg q3; cx q0,q3; h q3; t q3; cx q2,q3; tdg q3; h q3; h q4; cp(pi/8) q0,q4; h q4; cx q0,q1; h q4; cp(-pi/8) q1,q4; h q4; cx q0,q1; h q4; cp(pi/8) q1,q4; h q4; cx q1,q2; h q4; cp(-pi/8) q2,q4; h q4; cx q0,q2; h q4; cp(pi/8) q2,q4; h q4; cx q1,q2; h q4; cp(-pi/8) q2,q4; h q4; cx q0,q2; h q4; cp(pi/8) q2,q4; h q4; }
qreg q[5];
creg meas[5];
cx q[1],q[4];
ry(5.489865166312162) q[3];
barrier q[0],q[1],q[2],q[3],q[4];
ry(2.0527262996079005) q[1];
ccx q[0],q[2],q[4];
barrier q[0],q[1],q[2],q[3],q[4];
mcx q[1],q[2],q[3],q[4];
barrier q[0],q[1],q[2],q[3],q[4];
rz(2.102646199905749) q[3];
ry(0.5929551561152598) q[1];
rz(0.7022213075453986) q[4];
cx q[0],q[2];
barrier q[0],q[1],q[2],q[3],q[4];
mcx_2220599546784 q[0],q[1],q[2],q[3],q[4];
barrier q[0],q[1],q[2],q[3],q[4];
ry(2.9210429094526775) q[0];
cx q[3],q[4];
rz(1.204625580953199) q[2];
barrier q[0],q[1],q[2],q[3],q[4];
cx q[3],q[4];
cx q[1],q[2];
rx(2.542412221302427) q[0];
barrier q[0],q[1],q[2],q[3],q[4];
rz(3.014223524809738) q[1];
barrier q[0],q[1],q[2],q[3],q[4];
ry(2.3030785689411353) q[0];
ry(6.142665893421105) q[3];
barrier q[0],q[1],q[2],q[3],q[4];
rz(3.246131394357219) q[0];
rz(4.12463096267328) q[4];
rz(2.8416703196691984) q[1];
ry(4.523032411983263) q[3];
barrier q[0],q[1],q[2],q[3],q[4];
ry(3.1238341527738687) q[2];
cx q[3],q[4];
cx q[0],q[1];
barrier q[0],q[1],q[2],q[3],q[4];
cx q[0],q[2];
rz(5.2348964095278445) q[1];
cx q[3],q[4];
barrier q[0],q[1],q[2],q[3],q[4];
rx(5.813580704335542) q[4];
cx q[0],q[3];
barrier q[0],q[1],q[2],q[3],q[4];
ry(2.2565806664309447) q[2];
ry(2.6500498928601828) q[0];
cx q[1],q[4];
rx(4.595335186999782) q[3];
barrier q[0],q[1],q[2],q[3],q[4];
mcx_2220599548416 q[0],q[1],q[2],q[3],q[4];
barrier q[0],q[1],q[2],q[3],q[4];
barrier q[0],q[1],q[2],q[3],q[4];
measure q[0] -> meas[0];
measure q[1] -> meas[1];
measure q[2] -> meas[2];
measure q[3] -> meas[3];
measure q[4] -> meas[4];","{""00000"": 142, ""11010"": 6, ""01000"": 471, ""11110"": 44, ""11011"": 5, ""01100"": 90, ""10110"": 20, ""10111"": 70, ""10011"": 13, ""00100"": 29, ""01001"": 22, ""11000"": 39, ""10000"": 9, ""01111"": 31, ""01101"": 6, ""10010"": 3, ""00101"": 1, ""11100"": 6, ""00111"": 7, ""10100"": 2, ""00011"": 2, ""01110"": 1, ""01010"": 1, ""00010"": 1, ""11111"": 3}",{},circuit_images\circuit_008.png
9,"OPENQASM 2.0;
include ""qelib1.inc"";
gate mcx q0,q1,q2,q3 { h q3; p(pi/8) q0; p(pi/8) q1; p(pi/8) q2; p(pi/8) q3; cx q0,q1; p(-pi/8) q1; cx q0,q1; cx q1,q2; p(-pi/8) q2; cx q0,q2; p(pi/8) q2; cx q1,q2; p(-pi/8) q2; cx q0,q2; cx q2,q3; p(-pi/8) q3; cx q1,q3; p(pi/8) q3; cx q2,q3; p(-pi/8) q3; cx q0,q3; p(pi/8) q3; cx q2,q3; p(-pi/8) q3; cx q1,q3; p(pi/8) q3; cx q2,q3; p(-pi/8) q3; cx q0,q3; h q3; }
gate mcx_2220520460208 q0,q1,q2,q3,q4 { h q4; cp(pi/2) q3,q4; h q4; h q3; t q3; cx q2,q3; tdg q3; h q3; cx q0,q3; t q3; cx q1,q3; tdg q3; cx q0,q3; t q3; cx q1,q3; tdg q3; h q3; t q3; cx q2,q3; tdg q3; h q3; h q4; cp(-pi/2) q3,q4; h q4; h q3; t q3; cx q2,q3; tdg q3; h q3; t q3; cx q1,q3; tdg q3; cx q0,q3; t q3; cx q1,q3; tdg q3; cx q0,q3; h q3; t q3; cx q2,q3; tdg q3; h q3; h q4; cp(pi/8) q0,q4; h q4; cx q0,q1; h q4; cp(-pi/8) q1,q4; h q4; cx q0,q1; h q4; cp(pi/8) q1,q4; h q4; cx q1,q2; h q4; cp(-pi/8) q2,q4; h q4; cx q0,q2; h q4; cp(pi/8) q2,q4; h q4; cx q1,q2; h q4; cp(-pi/8) q2,q4; h q4; cx q0,q2; h q4; cp(pi/8) q2,q4; h q4; }
qreg q[5];
creg meas[5];
cx q[0],q[3];
ry(4.0255972369076165) q[2];
barrier q[0],q[1],q[2],q[3],q[4];
cx q[0],q[1];
cx q[2],q[3];
barrier q[0],q[1],q[2],q[3],q[4];
ry(3.5455450789463328) q[3];
mcx q[0],q[1],q[2],q[4];
barrier q[0],q[1],q[2],q[3],q[4];
cx q[0],q[2];
rz(4.675379627150036) q[1];
barrier q[0],q[1],q[2],q[3],q[4];
mcx q[0],q[1],q[2],q[3];
barrier q[0],q[1],q[2],q[3],q[4];
rx(3.2658892753776545) q[4];
ccx q[0],q[1],q[2];
barrier q[0],q[1],q[2],q[3],q[4];
rx(3.509856527264568) q[4];
rz(5.703830241399119) q[2];
ry(0.13179817571751953) q[0];
cx q[1],q[3];
barrier q[0],q[1],q[2],q[3],q[4];
ry(3.371061954284828) q[3];
mcx q[0],q[1],q[2],q[4];
barrier q[0],q[1],q[2],q[3],q[4];
ry(2.901746551962941) q[0];
ry(2.715099830586341) q[4];
rx(3.588922851141453) q[2];
ry(1.9188348105759596) q[1];
rx(4.165674914413233) q[3];
barrier q[0],q[1],q[2],q[3],q[4];
rx(2.5737531269853062) q[0];
mcx q[1],q[2],q[3],q[4];
barrier q[0],q[1],q[2],q[3],q[4];
mcx_2220520460208 q[0],q[1],q[2],q[3],q[4];
barrier q[0],q[1],q[2],q[3],q[4];
ry(2.993565469689949) q[0];
ry(5.226325081848959) q[4];
ry(2.323571489344071) q[2];
rx(5.254082548997835) q[3];
rz(6.1408870340508885) q[1];
barrier q[0],q[1],q[2],q[3],q[4];
barrier q[0],q[1],q[2],q[3],q[4];
measure q[0] -> meas[0];
measure q[1] -> meas[1];
measure q[2] -> meas[2];
measure q[3] -> meas[3];
measure q[4] -> meas[4];","{""10001"": 41, ""10110"": 10, ""00111"": 140, ""01011"": 25, ""01111"": 63, ""10111"": 182, ""00011"": 97, ""01001"": 9, ""10101"": 90, ""01101"": 31, ""00110"": 14, ""00101"": 76, ""10011"": 57, ""11101"": 27, ""00001"": 47, ""01010"": 4, ""00100"": 10, ""01100"": 3, ""11011"": 41, ""11100"": 4, ""10010"": 6, ""10100"": 7, ""01110"": 2, ""11001"": 13, ""11111"": 10, ""00010"": 5, ""10000"": 3, ""11110"": 4, ""11010"": 2, ""00000"": 1}",{},circuit_images\circuit_009.png
10,"OPENQASM 2.0;
include ""qelib1.inc"";
gate mcx q0,q1,q2,q3,q4 { h q4; cp(pi/2) q3,q4; h q4; h q3; t q3; cx q2,q3; tdg q3; h q3; cx q0,q3; t q3; cx q1,q3; tdg q3; cx q0,q3; t q3; cx q1,q3; tdg q3; h q3; t q3; cx q2,q3; tdg q3; h q3; h q4; cp(-pi/2) q3,q4; h q4; h q3; t q3; cx q2,q3; tdg q3; h q3; t q3; cx q1,q3; tdg q3; cx q0,q3; t q3; cx q1,q3; tdg q3; cx q0,q3; h q3; t q3; cx q2,q3; tdg q3; h q3; h q4; cp(pi/8) q0,q4; h q4; cx q0,q1; h q4; cp(-pi/8) q1,q4; h q4; cx q0,q1; h q4; cp(pi/8) q1,q4; h q4; cx q1,q2; h q4; cp(-pi/8) q2,q4; h q4; cx q0,q2; h q4; cp(pi/8) q2,q4; h q4; cx q1,q2; h q4; cp(-pi/8) q2,q4; h q4; cx q0,q2; h q4; cp(pi/8) q2,q4; h q4; }
qreg q[5];
creg meas[5];
rx(4.603832074907114) q[4];
rx(1.4367364310832782) q[3];
cx q[1],q[2];
ry(5.483711642789081) q[0];
barrier q[0],q[1],q[2],q[3],q[4];
rx(4.26724105015027) q[0];
rx(4.766199428116931) q[3];
cx q[1],q[4];
ry(3.6764777353973157) q[2];
barrier q[0],q[1],q[2],q[3],q[4];
ry(4.98027426771641) q[0];
ry(3.944323716697767) q[1];
ry(4.234725246565408) q[3];
ry(4.692173069677605) q[4];
rz(5.8148285370572745) q[2];
barrier q[0],q[1],q[2],q[3],q[4];
cx q[1],q[2];
rz(3.258042635212233) q[3];
cx q[0],q[4];
barrier q[0],q[1],q[2],q[3],q[4];
rx(1.4732551527403956) q[1];
ry(1.1883573249384929) q[2];
ccx q[0],q[3],q[4];
barrier q[0],q[1],q[2],q[3],q[4];
ry(2.950154479879581) q[3];
ry(5.67171282948928) q[1];
cx q[0],q[4];
rx(4.637726829610964) q[2];
barrier q[0],q[1],q[2],q[3],q[4];
mcx q[0],q[1],q[2],q[3],q[4];
barrier q[0],q[1],q[2],q[3],q[4];
ry(5.51968725889294) q[2];
cx q[0],q[1];
rx(0.2504619701034301) q[4];
barrier q[0],q[1],q[2],q[3],q[4];
rx(4.989083460360984) q[2];
rx(5.815719762674439) q[1];
rx(2.1280533309271528) q[4];
rz(2.9498137195817526) q[3];
rx(0.9460344458801051) q[0];
barrier q[0],q[1],q[2],q[3],q[4];
ccx q[1],q[2],q[4];
cx q[0],q[3];
barrier q[0],q[1],q[2],q[3],q[4];
rz(1.7744005430093097) q[4];
ry(4.256541332505524) q[1];
rz(6.208849680671856) q[0];
barrier q[0],q[1],q[2],q[3],q[4];
cx q[0],q[2];
cx q[1],q[4];
rx(6.1499870616764545) q[3];
barrier q[0],q[1],q[2],q[3],q[4];
cx q[0],q[4];
rx(1.6429903610789724) q[1];
ry(5.535457739242985) q[2];
barrier q[0],q[1],q[2],q[3],q[4];
barrier q[0],q[1],q[2],q[3],q[4];
measure q[0] -> meas[0];
measure q[1] -> meas[1];
measure q[2] -> meas[2];
measure q[3] -> meas[3];
measure q[4] -> meas[4];","{""11011"": 259, ""11001"": 159, ""11110"": 8, ""11100"": 54, ""01011"": 32, ""10110"": 4, ""00110"": 53, ""01001"": 9, ""01010"": 3, ""00100"": 33, ""00010"": 47, ""10100"": 18, ""00000"": 10, ""10111"": 12, ""11101"": 75, ""00011"": 17, ""01101"": 9, ""00001"": 84, ""10010"": 16, ""01111"": 3, ""10001"": 17, ""00111"": 60, ""10000"": 4, ""10101"": 7, ""11010"": 4, ""00101"": 2, ""01110"": 4, ""01000"": 3, ""10011"": 7, ""11000"": 5, ""11111"": 2, ""01100"": 4}",{},circuit_images\circuit_010.png
11,"OPENQASM 2.0;
include ""qelib1.inc"";
gate mcx q0,q1,q2,q3 { h q3; p(pi/8) q0; p(pi/8) q1; p(pi/8) q2; p(pi/8) q3; cx q0,q1; p(-pi/8) q1; cx q0,q1; cx q1,q2; p(-pi/8) q2; cx q0,q2; p(pi/8) q2; cx q1,q2; p(-pi/8) q2; cx q0,q2; cx q2,q3; p(-pi/8) q3; cx q1,q3; p(pi/8) q3; cx q2,q3; p(-pi/8) q3; cx q0,q3; p(pi/8) q3; cx q2,q3; p(-pi/8) q3; cx q1,q3; p(pi/8) q3; cx q2,q3; p(-pi/8) q3; cx q0,q3; h q3; }
qreg q[5];
creg meas[5];
mcx q[0],q[1],q[2],q[3];
barrier q[0],q[1],q[2],q[3],q[4];
ry(2.625099416331732) q[3];
rz(0.9889731258589439) q[4];
cx q[0],q[1];
ry(1.4077370537671086) q[2];
barrier q[0],q[1],q[2],q[3],q[4];
mcx q[0],q[1],q[2],q[3];
rx(1.1594547975211726) q[4];
barrier q[0],q[1],q[2],q[3],q[4];
cx q[1],q[4];
cx q[2],q[3];
barrier q[0],q[1],q[2],q[3],q[4];
cx q[0],q[3];
rx(1.351519996923967) q[4];
ry(1.6775631387469712) q[2];
ry(3.043531471658097) q[1];
barrier q[0],q[1],q[2],q[3],q[4];
barrier q[0],q[1],q[2],q[3],q[4];
measure q[0] -> meas[0];
measure q[1] -> meas[1];
measure q[2] -> meas[2];
measure q[3] -> meas[3];
measure q[4] -> meas[4];","{""11110"": 409, ""10010"": 107, ""11010"": 116, ""00110"": 35, ""10110"": 281, ""01110"": 51, ""00010"": 11, ""01010"": 11, ""11000"": 1, ""10100"": 1, ""10000"": 1}",{},circuit_images\circuit_011.png
12,"OPENQASM 2.0;
include ""qelib1.inc"";
qreg q[5];
creg meas[5];
cx q[1],q[2];
cx q[3],q[4];
rx(6.138731500620116) q[0];
barrier q[0],q[1],q[2],q[3],q[4];
cx q[0],q[4];
ccx q[1],q[2],q[3];
barrier q[0],q[1],q[2],q[3],q[4];
rz(2.7821807074324743) q[2];
rz(1.781232366105307) q[0];
ccx q[1],q[3],q[4];
barrier q[0],q[1],q[2],q[3],q[4];
ry(4.495091836069455) q[2];
rx(4.169982625516298) q[3];
rx(0.24092798292544168) q[1];
cx q[0],q[4];
barrier q[0],q[1],q[2],q[3],q[4];
rz(3.1447664133120217) q[0];
rz(1.4849743652270615) q[2];
cx q[3],q[4];
rz(2.759061830944804) q[1];
barrier q[0],q[1],q[2],q[3],q[4];
barrier q[0],q[1],q[2],q[3],q[4];
measure q[0] -> meas[0];
measure q[1] -> meas[1];
measure q[2] -> meas[2];
measure q[3] -> meas[3];
measure q[4] -> meas[4];","{""11000"": 295, ""11100"": 465, ""00100"": 137, ""11110"": 9, ""11010"": 6, ""00000"": 108, ""00101"": 1, ""11101"": 3}",{},circuit_images\circuit_012.png
13,"OPENQASM 2.0;
include ""qelib1.inc"";
qreg q[5];
creg meas[5];
rx(2.9245766993492635) q[2];
ry(3.037791599517893) q[0];
ry(3.2972801771342946) q[1];
barrier q[0],q[1],q[2],q[3],q[4];
rx(4.7684842924397435) q[1];
rx(5.780687154887153) q[3];
rx(6.0119860909558405) q[2];
rz(3.094529700840534) q[4];
barrier q[0],q[1],q[2],q[3],q[4];
rz(6.020228746530987) q[0];
ry(4.75203288893234) q[2];
ry(0.8787742556626825) q[4];
barrier q[0],q[1],q[2],q[3],q[4];
ccx q[1],q[2],q[4];
rz(2.7840127905956997) q[3];
barrier q[0],q[1],q[2],q[3],q[4];
ry(2.566950187369231) q[4];
rx(2.861157150077391) q[1];
cx q[2],q[3];
ry(4.3157727041828275) q[0];
barrier q[0],q[1],q[2],q[3],q[4];
cx q[2],q[4];
rx(2.0510588388880477) q[3];
barrier q[0],q[1],q[2],q[3],q[4];
ry(2.6174552883055155) q[4];
cx q[2],q[3];
rx(2.7040536295661926) q[1];
rx(3.0719974955092115) q[0];
barrier q[0],q[1],q[2],q[3],q[4];
barrier q[0],q[1],q[2],q[3],q[4];
measure q[0] -> meas[0];
measure q[1] -> meas[1];
measure q[2] -> meas[2];
measure q[3] -> meas[3];
measure q[4] -> meas[4];","{""01001"": 242, ""01100"": 25, ""11101"": 181, ""01111"": 101, ""01011"": 64, ""11100"": 71, ""01101"": 77, ""01000"": 88, ""00001"": 26, ""01110"": 44, ""01010"": 28, ""00000"": 9, ""00010"": 3, ""00111"": 13, ""11110"": 2, ""10101"": 18, ""00011"": 5, ""11111"": 4, ""00101"": 9, ""10100"": 6, ""11001"": 4, ""00110"": 1, ""11011"": 1, ""11010"": 1, ""10111"": 1}",{},circuit_images\circuit_013.png
14,"OPENQASM 2.0;
include ""qelib1.inc"";
qreg q[5];
creg meas[5];
ry(3.731565663240423) q[2];
cx q[0],q[4];
ry(4.453986337803367) q[1];
barrier q[0],q[1],q[2],q[3],q[4];
cx q[2],q[3];
ry(5.832194443364091) q[4];
barrier q[0],q[1],q[2],q[3],q[4];
ry(4.643075034724393) q[3];
rz(5.5042065695763185) q[1];
rx(2.9874089460498614) q[0];
ry(4.812184835233891) q[4];
ry(0.027777080295202913) q[2];
barrier q[0],q[1],q[2],q[3],q[4];
cx q[0],q[2];
ry(3.285327328525195) q[1];
barrier q[0],q[1],q[2],q[3],q[4];
rz(3.582861843696403) q[4];
rx(1.8527862075783366) q[3];
cx q[0],q[1];
barrier q[0],q[1],q[2],q[3],q[4];
rx(3.4079327715572614) q[4];
cx q[1],q[3];
rx(4.6397783916575195) q[0];
rx(1.701164485579785) q[2];
barrier q[0],q[1],q[2],q[3],q[4];
ry(1.8010578370209673) q[0];
ry(5.551223661781908) q[2];
rz(6.246914486738275) q[1];
rz(2.1997851133418442) q[3];
rx(4.556450447777642) q[4];
barrier q[0],q[1],q[2],q[3],q[4];
cx q[0],q[2];
ccx q[1],q[3],q[4];
barrier q[0],q[1],q[2],q[3],q[4];
cx q[2],q[3];
rz(2.1603793382204546) q[4];
cx q[0],q[1];
barrier q[0],q[1],q[2],q[3],q[4];
cx q[3],q[4];
barrier q[0],q[1],q[2],q[3],q[4];
ccx q[0],q[1],q[2];
rz(0.29826661315078823) q[3];
barrier q[0],q[1],q[2],q[3],q[4];
ry(4.701092518306216) q[4];
rx(1.7349026981180211) q[2];
barrier q[0],q[1],q[2],q[3],q[4];
cx q[3],q[4];
rx(3.4730096948417737) q[1];
rx(3.798286448672072) q[2];
rz(1.2741075821567345) q[0];
barrier q[0],q[1],q[2],q[3],q[4];
ry(0.8664293870743882) q[0];
ry(0.44792829075776147) q[4];
ry(0.9555573121217633) q[1];
rx(2.0269553900163153) q[2];
ry(3.3289320745141304) q[3];
barrier q[0],q[1],q[2],q[3],q[4];
cx q[1],q[3];
rx(0.425019179129414) q[4];
cx q[0],q[2];
barrier q[0],q[1],q[2],q[3],q[4];
barrier q[0],q[1],q[2],q[3],q[4];
measure q[0] -> meas[0];
measure q[1] -> meas[1];
measure q[2] -> meas[2];
measure q[3] -> meas[3];
measure q[4] -> meas[4];","{""00101"": 6, ""10000"": 25, ""11000"": 51, ""10111"": 27, ""10110"": 21, ""10010"": 75, ""10011"": 30, ""11010"": 30, ""01010"": 139, ""11101"": 36, ""01011"": 134, ""11011"": 20, ""01001"": 36, ""00000"": 52, ""10001"": 7, ""11001"": 39, ""00010"": 90, ""01000"": 50, ""01111"": 36, ""00011"": 27, ""10101"": 10, ""00100"": 24, ""11100"": 3, ""00110"": 17, ""01110"": 1, ""01101"": 18, ""01100"": 13, ""11110"": 1, ""10100"": 2, ""00001"": 3, ""00111"": 1}",{},circuit_images\circuit_014.png
15,"OPENQASM 2.0;
include ""qelib1.inc"";
gate mcx q0,q1,q2,q3 { h q3; p(pi/8) q0; p(pi/8) q1; p(pi/8) q2; p(pi/8) q3; cx q0,q1; p(-pi/8) q1; cx q0,q1; cx q1,q2; p(-pi/8) q2; cx q0,q2; p(pi/8) q2; cx q1,q2; p(-pi/8) q2; cx q0,q2; cx q2,q3; p(-pi/8) q3; cx q1,q3; p(pi/8) q3; cx q2,q3; p(-pi/8) q3; cx q0,q3; p(pi/8) q3; cx q2,q3; p(-pi/8) q3; cx q1,q3; p(pi/8) q3; cx q2,q3; p(-pi/8) q3; cx q0,q3; h q3; }
qreg q[5];
creg meas[5];
rz(3.2560544231163235) q[0];
ry(1.2262608566561657) q[4];
ccx q[1],q[2],q[3];
barrier q[0],q[1],q[2],q[3],q[4];
rx(5.509171579099135) q[0];
cx q[2],q[3];
rz(1.8455325889205374) q[4];
rx(6.138878135955427) q[1];
barrier q[0],q[1],q[2],q[3],q[4];
cx q[0],q[3];
cx q[2],q[4];
barrier q[0],q[1],q[2],q[3],q[4];
cx q[0],q[2];
rx(3.658968346342604) q[3];
ry(3.34313008975658) q[1];
ry(4.4226429812005374) q[4];
barrier q[0],q[1],q[2],q[3],q[4];
ry(3.0911736609052616) q[0];
cx q[2],q[4];
ry(6.210030476510921) q[3];
barrier q[0],q[1],q[2],q[3],q[4];
ry(4.60716182210934) q[2];
mcx q[0],q[1],q[3],q[4];
barrier q[0],q[1],q[2],q[3],q[4];
ry(0.5823824002430406) q[1];
mcx q[0],q[2],q[3],q[4];
barrier q[0],q[1],q[2],q[3],q[4];
rx(5.293777715593329) q[0];
cx q[1],q[3];
barrier q[0],q[1],q[2],q[3],q[4];
rz(0.9653476888127459) q[1];
mcx q[0],q[2],q[3],q[4];
barrier q[0],q[1],q[2],q[3],q[4];
barrier q[0],q[1],q[2],q[3],q[4];
measure q[0] -> meas[0];
measure q[1] -> meas[1];
measure q[2] -> meas[2];
measure q[3] -> meas[3];
measure q[4] -> meas[4];","{""00011"": 169, ""00110"": 55, ""10111"": 238, ""10110"": 48, ""00111"": 102, ""10011"": 73, ""01001"": 32, ""01010"": 53, ""00010"": 57, ""11111"": 27, ""01101"": 17, ""11011"": 35, ""00100"": 3, ""01110"": 11, ""01111"": 8, ""11100"": 4, ""11110"": 29, ""10010"": 16, ""00000"": 19, ""11000"": 1, ""10100"": 9, ""10001"": 2, ""00101"": 4, ""01000"": 2, ""11001"": 3, ""11101"": 1, ""01100"": 3, ""11010"": 3}",{},circuit_images\circuit_015.png
16,"OPENQASM 2.0;
include ""qelib1.inc"";
gate mcx q0,q1,q2,q3 { h q3; p(pi/8) q0; p(pi/8) q1; p(pi/8) q2; p(pi/8) q3; cx q0,q1; p(-pi/8) q1; cx q0,q1; cx q1,q2; p(-pi/8) q2; cx q0,q2; p(pi/8) q2; cx q1,q2; p(-pi/8) q2; cx q0,q2; cx q2,q3; p(-pi/8) q3; cx q1,q3; p(pi/8) q3; cx q2,q3; p(-pi/8) q3; cx q0,q3; p(pi/8) q3; cx q2,q3; p(-pi/8) q3; cx q1,q3; p(pi/8) q3; cx q2,q3; p(-pi/8) q3; cx q0,q3; h q3; }
qreg q[5];
creg meas[5];
rx(5.013219365597312) q[4];
rx(4.949782717635541) q[0];
rz(1.5109888888317229) q[1];
barrier q[0],q[1],q[2],q[3],q[4];
rx(4.320976338875571) q[0];
ccx q[1],q[2],q[3];
barrier q[0],q[1],q[2],q[3],q[4];
ry(4.352832958056483) q[2];
cx q[0],q[1];
cx q[3],q[4];
barrier q[0],q[1],q[2],q[3],q[4];
cx q[1],q[2];
rx(0.8540292753764782) q[4];
cx q[0],q[3];
barrier q[0],q[1],q[2],q[3],q[4];
ccx q[1],q[2],q[3];
barrier q[0],q[1],q[2],q[3],q[4];
rx(2.0607172841669024) q[1];
cx q[3],q[4];
cx q[0],q[2];
barrier q[0],q[1],q[2],q[3],q[4];
cx q[0],q[1];
rz(4.541493953648047) q[2];
rz(0.5330143959743298) q[3];
rz(1.6419251766169585) q[4];
barrier q[0],q[1],q[2],q[3],q[4];
mcx q[1],q[2],q[3],q[4];
barrier q[0],q[1],q[2],q[3],q[4];
barrier q[0],q[1],q[2],q[3],q[4];
measure q[0] -> meas[0];
measure q[1] -> meas[1];
measure q[2] -> meas[2];
measure q[3] -> meas[3];
measure q[4] -> meas[4];","{""00011"": 222, ""11111"": 20, ""10011"": 15, ""01111"": 482, ""11101"": 182, ""00001"": 84, ""00100"": 1, ""01101"": 10, ""00000"": 1, ""00110"": 6, ""10001"": 1}",{},circuit_images\circuit_016.png
17,"OPENQASM 2.0;
include ""qelib1.inc"";
gate mcx q0,q1,q2,q3 { h q3; p(pi/8) q0; p(pi/8) q1; p(pi/8) q2; p(pi/8) q3; cx q0,q1; p(-pi/8) q1; cx q0,q1; cx q1,q2; p(-pi/8) q2; cx q0,q2; p(pi/8) q2; cx q1,q2; p(-pi/8) q2; cx q0,q2; cx q2,q3; p(-pi/8) q3; cx q1,q3; p(pi/8) q3; cx q2,q3; p(-pi/8) q3; cx q0,q3; p(pi/8) q3; cx q2,q3; p(-pi/8) q3; cx q1,q3; p(pi/8) q3; cx q2,q3; p(-pi/8) q3; cx q0,q3; h q3; }
qreg q[5];
creg meas[5];
rx(3.0050330315968377) q[0];
cx q[2],q[4];
rx(5.2137216083456055) q[3];
barrier q[0],q[1],q[2],q[3],q[4];
rz(2.7867131507113547) q[1];
mcx q[0],q[2],q[3],q[4];
barrier q[0],q[1],q[2],q[3],q[4];
cx q[0],q[1];
rx(6.186881424473686) q[2];
cx q[3],q[4];
barrier q[0],q[1],q[2],q[3],q[4];
rx(2.9075741164563174) q[3];
cx q[1],q[4];
cx q[0],q[2];
barrier q[0],q[1],q[2],q[3],q[4];
ccx q[1],q[3],q[4];
rx(4.500125419132149) q[2];
rx(4.0301008447333215) q[0];
barrier q[0],q[1],q[2],q[3],q[4];
rz(4.993813756135277) q[2];
cx q[3],q[4];
ry(4.567409011589124) q[1];
rz(1.2001129421980599) q[0];
barrier q[0],q[1],q[2],q[3],q[4];
cx q[0],q[1];
cx q[2],q[4];
rz(4.879350793700402) q[3];
barrier q[0],q[1],q[2],q[3],q[4];
rx(0.4486835628380803) q[0];
rz(0.3197671346068437) q[3];
cx q[1],q[2];
rx(0.49614272427116973) q[4];
barrier q[0],q[1],q[2],q[3],q[4];
ccx q[0],q[1],q[4];
rz(2.531908195878072) q[3];
barrier q[0],q[1],q[2],q[3],q[4];
rx(5.796413647155009) q[2];
ry(5.295322412484729) q[1];
rx(3.0181028718963017) q[0];
ry(5.009111327584499) q[4];
rz(3.5996110348111454) q[3];
barrier q[0],q[1],q[2],q[3],q[4];
barrier q[0],q[1],q[2],q[3],q[4];
measure q[0] -> meas[0];
measure q[1] -> meas[1];
measure q[2] -> meas[2];
measure q[3] -> meas[3];
measure q[4] -> meas[4];","{""10100"": 2, ""01111"": 108, ""01011"": 86, ""11111"": 37, ""11010"": 65, ""11001"": 148, ""01001"": 26, ""11110"": 55, ""10010"": 11, ""11101"": 128, ""00111"": 73, ""10101"": 26, ""01010"": 33, ""11100"": 5, ""01110"": 48, ""10001"": 25, ""11000"": 5, ""00011"": 50, ""00110"": 15, ""11011"": 4, ""00001"": 23, ""10011"": 1, ""00010"": 24, ""01101"": 9, ""00000"": 5, ""10110"": 6, ""00101"": 1, ""01000"": 3, ""10000"": 1, ""01100"": 1}",{},circuit_images\circuit_017.png
18,"OPENQASM 2.0;
include ""qelib1.inc"";
gate mcx q0,q1,q2,q3 { h q3; p(pi/8) q0; p(pi/8) q1; p(pi/8) q2; p(pi/8) q3; cx q0,q1; p(-pi/8) q1; cx q0,q1; cx q1,q2; p(-pi/8) q2; cx q0,q2; p(pi/8) q2; cx q1,q2; p(-pi/8) q2; cx q0,q2; cx q2,q3; p(-pi/8) q3; cx q1,q3; p(pi/8) q3; cx q2,q3; p(-pi/8) q3; cx q0,q3; p(pi/8) q3; cx q2,q3; p(-pi/8) q3; cx q1,q3; p(pi/8) q3; cx q2,q3; p(-pi/8) q3; cx q0,q3; h q3; }
qreg q[5];
creg meas[5];
mcx q[0],q[1],q[2],q[4];
barrier q[0],q[1],q[2],q[3],q[4];
ccx q[1],q[2],q[3];
ry(5.078238162151018) q[0];
ry(3.867516833731445) q[4];
barrier q[0],q[1],q[2],q[3],q[4];
cx q[2],q[4];
rz(3.8450064440809717) q[3];
rz(5.914428678601785) q[1];
barrier q[0],q[1],q[2],q[3],q[4];
rx(1.0210134896066028) q[1];
rx(4.936612645160404) q[0];
ccx q[2],q[3],q[4];
barrier q[0],q[1],q[2],q[3],q[4];
cx q[0],q[3];
rz(5.517848138019556) q[2];
cx q[1],q[4];
barrier q[0],q[1],q[2],q[3],q[4];
ry(0.47873626592620544) q[1];
ccx q[0],q[2],q[4];
rz(1.202105024070489) q[3];
barrier q[0],q[1],q[2],q[3],q[4];
cx q[1],q[2];
rz(6.2439504141813185) q[4];
rx(0.23682033014058446) q[0];
barrier q[0],q[1],q[2],q[3],q[4];
ccx q[0],q[3],q[4];
ry(0.48242660094241197) q[1];
barrier q[0],q[1],q[2],q[3],q[4];
barrier q[0],q[1],q[2],q[3],q[4];
measure q[0] -> meas[0];
measure q[1] -> meas[1];
measure q[2] -> meas[2];
measure q[3] -> meas[3];
measure q[4] -> meas[4];","{""11001"": 47, ""01001"": 276, ""10000"": 300, ""01111"": 25, ""00110"": 121, ""00010"": 6, ""01101"": 2, ""10110"": 30, ""00000"": 47, ""11111"": 100, ""10010"": 18, ""01011"": 23, ""10100"": 3, ""10001"": 3, ""11000"": 8, ""11011"": 1, ""00100"": 4, ""11101"": 5, ""01110"": 1, ""00111"": 3, ""11110"": 1}",{},circuit_images\circuit_018.png
19,"OPENQASM 2.0;
include ""qelib1.inc"";
gate mcx q0,q1,q2,q3 { h q3; p(pi/8) q0; p(pi/8) q1; p(pi/8) q2; p(pi/8) q3; cx q0,q1; p(-pi/8) q1; cx q0,q1; cx q1,q2; p(-pi/8) q2; cx q0,q2; p(pi/8) q2; cx q1,q2; p(-pi/8) q2; cx q0,q2; cx q2,q3; p(-pi/8) q3; cx q1,q3; p(pi/8) q3; cx q2,q3; p(-pi/8) q3; cx q0,q3; p(pi/8) q3; cx q2,q3; p(-pi/8) q3; cx q1,q3; p(pi/8) q3; cx q2,q3; p(-pi/8) q3; cx q0,q3; h q3; }
gate mcx_2220675916400 q0,q1,q2,q3,q4 { h q4; cp(pi/2) q3,q4; h q4; h q3; t q3; cx q2,q3; tdg q3; h q3; cx q0,q3; t q3; cx q1,q3; tdg q3; cx q0,q3; t q3; cx q1,q3; tdg q3; h q3; t q3; cx q2,q3; tdg q3; h q3; h q4; cp(-pi/2) q3,q4; h q4; h q3; t q3; cx q2,q3; tdg q3; h q3; t q3; cx q1,q3; tdg q3; cx q0,q3; t q3; cx q1,q3; tdg q3; cx q0,q3; h q3; t q3; cx q2,q3; tdg q3; h q3; h q4; cp(pi/8) q0,q4; h q4; cx q0,q1; h q4; cp(-pi/8) q1,q4; h q4; cx q0,q1; h q4; cp(pi/8) q1,q4; h q4; cx q1,q2; h q4; cp(-pi/8) q2,q4; h q4; cx q0,q2; h q4; cp(pi/8) q2,q4; h q4; cx q1,q2; h q4; cp(-pi/8) q2,q4; h q4; cx q0,q2; h q4; cp(pi/8) q2,q4; h q4; }
qreg q[5];
creg meas[5];
rx(5.950024742290224) q[2];
cx q[1],q[4];
rx(1.1486626016505561) q[3];
rx(5.0772415939559306) q[0];
barrier q[0],q[1],q[2],q[3],q[4];
cx q[0],q[3];
rx(5.813754501213787) q[2];
cx q[1],q[4];
barrier q[0],q[1],q[2],q[3],q[4];
cx q[1],q[2];
ry(3.2707672537896118) q[3];
barrier q[0],q[1],q[2],q[3],q[4];
mcx q[0],q[1],q[2],q[3];
rx(1.1974508336752858) q[4];
barrier q[0],q[1],q[2],q[3],q[4];
rx(3.0445479334364167) q[1];
cx q[3],q[4];
barrier q[0],q[1],q[2],q[3],q[4];
cx q[0],q[1];
ccx q[2],q[3],q[4];
barrier q[0],q[1],q[2],q[3],q[4];
rx(0.33282402129946176) q[3];
cx q[1],q[4];
ry(1.2344448198525375) q[2];
barrier q[0],q[1],q[2],q[3],q[4];
rz(3.479165747205096) q[3];
cx q[1],q[2];
rx(3.9766331150911642) q[0];
ry(1.0224519695321046) q[4];
barrier q[0],q[1],q[2],q[3],q[4];
rx(3.0734514327172597) q[4];
rx(4.749462515915036) q[1];
rx(0.17791234900821684) q[2];
rz(1.094503880429939) q[3];
rz(0.3771167838581314) q[0];
barrier q[0],q[1],q[2],q[3],q[4];
rz(4.864366530567164) q[2];
ry(1.4029139498568006) q[0];
ccx q[1],q[3],q[4];
barrier q[0],q[1],q[2],q[3],q[4];
cx q[2],q[4];
rz(2.703199894238179) q[3];
barrier q[0],q[1],q[2],q[3],q[4];
rz(2.2286933572683894) q[2];
ry(1.2268630170337282) q[0];
cx q[1],q[4];
rz(0.6982290546370767) q[3];
barrier q[0],q[1],q[2],q[3],q[4];
ry(2.9975592128092017) q[2];
ry(4.69809249345799) q[4];
cx q[0],q[3];
ry(4.914574283146757) q[1];
barrier q[0],q[1],q[2],q[3],q[4];
mcx_2220675916400 q[0],q[1],q[2],q[3],q[4];
barrier q[0],q[1],q[2],q[3],q[4];
rx(5.478815644721587) q[1];
ry(1.343376534840654) q[0];
cx q[2],q[3];
ry(4.511035088555594) q[4];
barrier q[0],q[1],q[2],q[3],q[4];
barrier q[0],q[1],q[2],q[3],q[4];
measure q[0] -> meas[0];
measure q[1] -> meas[1];
measure q[2] -> meas[2];
measure q[3] -> meas[3];
measure q[4] -> meas[4];","{""11001"": 98, ""01000"": 106, ""10111"": 39, ""00100"": 65, ""10101"": 26, ""11111"": 24, ""00010"": 65, ""10011"": 20, ""10100"": 41, ""01010"": 28, ""00011"": 69, ""11010"": 15, ""11011"": 14, ""00101"": 94, ""11101"": 11, ""11000"": 35, ""01001"": 49, ""00001"": 13, ""01111"": 43, ""01100"": 22, ""00110"": 30, ""10000"": 18, ""01110"": 6, ""10110"": 36, ""00111"": 6, ""01101"": 15, ""11100"": 6, ""01011"": 5, ""00000"": 16, ""10010"": 2, ""10001"": 5, ""11110"": 2}",{},circuit_images\circuit_019.png
20,"OPENQASM 2.0;
include ""qelib1.inc"";
gate mcx q0,q1,q2,q3 { h q3; p(pi/8) q0; p(pi/8) q1; p(pi/8) q2; p(pi/8) q3; cx q0,q1; p(-pi/8) q1; cx q0,q1; cx q1,q2; p(-pi/8) q2; cx q0,q2; p(pi/8) q2; cx q1,q2; p(-pi/8) q2; cx q0,q2; cx q2,q3; p(-pi/8) q3; cx q1,q3; p(pi/8) q3; cx q2,q3; p(-pi/8) q3; cx q0,q3; p(pi/8) q3; cx q2,q3; p(-pi/8) q3; cx q1,q3; p(pi/8) q3; cx q2,q3; p(-pi/8) q3; cx q0,q3; h q3; }
gate mcx_2220679010480 q0,q1,q2,q3,q4 { h q4; cp(pi/2) q3,q4; h q4; h q3; t q3; cx q2,q3; tdg q3; h q3; cx q0,q3; t q3; cx q1,q3; tdg q3; cx q0,q3; t q3; cx q1,q3; tdg q3; h q3; t q3; cx q2,q3; tdg q3; h q3; h q4; cp(-pi/2) q3,q4; h q4; h q3; t q3; cx q2,q3; tdg q3; h q3; t q3; cx q1,q3; tdg q3; cx q0,q3; t q3; cx q1,q3; tdg q3; cx q0,q3; h q3; t q3; cx q2,q3; tdg q3; h q3; h q4; cp(pi/8) q0,q4; h q4; cx q0,q1; h q4; cp(-pi/8) q1,q4; h q4; cx q0,q1; h q4; cp(pi/8) q1,q4; h q4; cx q1,q2; h q4; cp(-pi/8) q2,q4; h q4; cx q0,q2; h q4; cp(pi/8) q2,q4; h q4; cx q1,q2; h q4; cp(-pi/8) q2,q4; h q4; cx q0,q2; h q4; cp(pi/8) q2,q4; h q4; }
qreg q[5];
creg meas[5];
rz(4.486117402164154) q[2];
rx(5.776875461646312) q[3];
rx(0.12397575052075628) q[1];
cx q[0],q[4];
barrier q[0],q[1],q[2],q[3],q[4];
rx(3.9489124954575594) q[4];
cx q[1],q[3];
barrier q[0],q[1],q[2],q[3],q[4];
mcx q[0],q[1],q[2],q[3];
rx(1.7792580187145768) q[4];
barrier q[0],q[1],q[2],q[3],q[4];
ry(2.968875614592) q[0];
barrier q[0],q[1],q[2],q[3],q[4];
ccx q[1],q[3],q[4];
ry(3.180011804006239) q[0];
rx(1.2109731047361265) q[2];
barrier q[0],q[1],q[2],q[3],q[4];
mcx_2220679010480 q[0],q[1],q[2],q[3],q[4];
barrier q[0],q[1],q[2],q[3],q[4];
ccx q[1],q[2],q[4];
rz(3.5409793008065193) q[0];
ry(3.205977968637341) q[3];
barrier q[0],q[1],q[2],q[3],q[4];
rz(1.3877637880971851) q[2];
rz(4.016568537467914) q[4];
ccx q[0],q[1],q[3];
barrier q[0],q[1],q[2],q[3],q[4];
rx(2.4106385703937185) q[3];
ccx q[0],q[1],q[2];
rx(3.9633357180717828) q[4];
barrier q[0],q[1],q[2],q[3],q[4];
rz(6.162440740048178) q[4];
ry(3.8352684793601073) q[2];
barrier q[0],q[1],q[2],q[3],q[4];
ccx q[1],q[2],q[4];
cx q[0],q[3];
barrier q[0],q[1],q[2],q[3],q[4];
rz(0.9383853258108141) q[1];
rx(5.575039594205257) q[2];
ccx q[0],q[3],q[4];
barrier q[0],q[1],q[2],q[3],q[4];
barrier q[0],q[1],q[2],q[3],q[4];
measure q[0] -> meas[0];
measure q[1] -> meas[1];
measure q[2] -> meas[2];
measure q[3] -> meas[3];
measure q[4] -> meas[4];","{""01001"": 2, ""11000"": 5, ""10000"": 461, ""01000"": 2, ""00000"": 236, ""10100"": 208, ""11110"": 1, ""00100"": 107, ""11100"": 2}",{},circuit_images\circuit_020.png
21,"OPENQASM 2.0;
include ""qelib1.inc"";
gate mcx q0,q1,q2,q3 { h q3; p(pi/8) q0; p(pi/8) q1; p(pi/8) q2; p(pi/8) q3; cx q0,q1; p(-pi/8) q1; cx q0,q1; cx q1,q2; p(-pi/8) q2; cx q0,q2; p(pi/8) q2; cx q1,q2; p(-pi/8) q2; cx q0,q2; cx q2,q3; p(-pi/8) q3; cx q1,q3; p(pi/8) q3; cx q2,q3; p(-pi/8) q3; cx q0,q3; p(pi/8) q3; cx q2,q3; p(-pi/8) q3; cx q1,q3; p(pi/8) q3; cx q2,q3; p(-pi/8) q3; cx q0,q3; h q3; }
qreg q[5];
creg meas[5];
ry(0.44897979328214666) q[2];
cx q[0],q[3];
cx q[1],q[4];
barrier q[0],q[1],q[2],q[3],q[4];
rx(0.5725460775906092) q[4];
rx(5.95965996948522) q[0];
cx q[1],q[3];
ry(2.9482966609072174) q[2];
barrier q[0],q[1],q[2],q[3],q[4];
rz(1.4465521929155072) q[1];
rx(0.2998251938293918) q[4];
ry(2.588044238210426) q[2];
rx(1.4977585716862805) q[0];
barrier q[0],q[1],q[2],q[3],q[4];
mcx q[0],q[1],q[2],q[4];
barrier q[0],q[1],q[2],q[3],q[4];
cx q[0],q[4];
rz(4.0056291357881335) q[2];
ry(1.7160783954894183) q[3];
ry(2.147107368776063) q[1];
barrier q[0],q[1],q[2],q[3],q[4];
rz(0.48824783598382016) q[4];
ry(2.4056682547865336) q[3];
rx(2.043506239316343) q[0];
rx(4.524697480336987) q[2];
rx(2.8013659091563166) q[1];
barrier q[0],q[1],q[2],q[3],q[4];
rx(2.269370459396916) q[1];
cx q[3],q[4];
cx q[0],q[2];
barrier q[0],q[1],q[2],q[3],q[4];
rx(6.2652792449618495) q[4];
rx(2.4315370454310883) q[0];
ry(2.8652571437514918) q[3];
rz(0.6161523775029818) q[2];
barrier q[0],q[1],q[2],q[3],q[4];
ry(3.829990318810048) q[4];
ccx q[0],q[2],q[3];
barrier q[0],q[1],q[2],q[3],q[4];
mcx q[0],q[1],q[2],q[4];
barrier q[0],q[1],q[2],q[3],q[4];
ry(2.510111072634936) q[4];
rz(3.579385421621468) q[3];
rz(4.109411806873131) q[2];
cx q[0],q[1];
barrier q[0],q[1],q[2],q[3],q[4];
cx q[1],q[4];
rx(3.7227875567803403) q[2];
ry(3.598874577102747) q[0];
ry(0.9191122777020626) q[3];
barrier q[0],q[1],q[2],q[3],q[4];
rx(2.8708255162925886) q[0];
ccx q[2],q[3],q[4];
rz(3.0669823690691627) q[1];
barrier q[0],q[1],q[2],q[3],q[4];
ry(3.2075902932728777) q[0];
cx q[3],q[4];
cx q[1],q[2];
barrier q[0],q[1],q[2],q[3],q[4];
barrier q[0],q[1],q[2],q[3],q[4];
measure q[0] -> meas[0];
measure q[1] -> meas[1];
measure q[2] -> meas[2];
measure q[3] -> meas[3];
measure q[4] -> meas[4];","{""10111"": 43, ""01001"": 14, ""00001"": 31, ""01010"": 29, ""10101"": 62, ""00111"": 72, ""00000"": 16, ""11100"": 46, ""10010"": 3, ""00011"": 125, ""11010"": 30, ""11011"": 10, ""01000"": 99, ""10001"": 35, ""01111"": 15, ""11110"": 27, ""10100"": 66, ""10011"": 67, ""01110"": 44, ""01100"": 54, ""00010"": 20, ""11111"": 30, ""00101"": 42, ""01011"": 12, ""11101"": 3, ""11000"": 7, ""01101"": 9, ""10000"": 6, ""00100"": 4, ""00110"": 1, ""10110"": 1, ""11001"": 1}",{},circuit_images\circuit_021.png
22,"OPENQASM 2.0;
include ""qelib1.inc"";
qreg q[5];
creg meas[5];
rx(3.551224674745968) q[1];
ry(1.0588747671903895) q[0];
ry(5.981744648907156) q[2];
ry(4.16890715248084) q[3];
ry(2.897413136446566) q[4];
barrier q[0],q[1],q[2],q[3],q[4];
ccx q[1],q[2],q[3];
barrier q[0],q[1],q[2],q[3],q[4];
ccx q[0],q[2],q[4];
barrier q[0],q[1],q[2],q[3],q[4];
rx(4.070040466888827) q[2];
rx(2.2887055731864887) q[4];
rz(5.679664010609212) q[3];
rz(0.8000480354645915) q[1];
barrier q[0],q[1],q[2],q[3],q[4];
rz(4.412269713908039) q[4];
ry(5.229164783609476) q[3];
barrier q[0],q[1],q[2],q[3],q[4];
rx(1.0821239937900258) q[2];
rz(5.647667648206464) q[1];
rz(0.020127651477289676) q[3];
cx q[0],q[4];
barrier q[0],q[1],q[2],q[3],q[4];
rz(3.6023865097687433) q[4];
ry(3.4664861100386704) q[3];
cx q[1],q[2];
rz(4.808032070995234) q[0];
barrier q[0],q[1],q[2],q[3],q[4];
cx q[0],q[1];
rz(6.027751005001891) q[4];
cx q[2],q[3];
barrier q[0],q[1],q[2],q[3],q[4];
barrier q[0],q[1],q[2],q[3],q[4];
measure q[0] -> meas[0];
measure q[1] -> meas[1];
measure q[2] -> meas[2];
measure q[3] -> meas[3];
measure q[4] -> meas[4];","{""11101"": 128, ""01110"": 390, ""00010"": 183, ""10101"": 14, ""11110"": 74, ""00000"": 12, ""10001"": 69, ""00110"": 40, ""00001"": 8, ""01101"": 39, ""10010"": 26, ""01010"": 7, ""10000"": 8, ""10011"": 3, ""10110"": 7, ""01100"": 5, ""11111"": 2, ""11001"": 3, ""11010"": 2, ""00011"": 1, ""00100"": 1, ""00101"": 1, ""01000"": 1}",{},circuit_images\circuit_022.png
23,"OPENQASM 2.0;
include ""qelib1.inc"";
qreg q[5];
creg meas[5];
rz(3.7016165872599456) q[3];
cx q[1],q[4];
ry(0.9584996259955354) q[0];
barrier q[0],q[1],q[2],q[3],q[4];
rx(4.233076589674486) q[2];
cx q[3],q[4];
barrier q[0],q[1],q[2],q[3],q[4];
cx q[2],q[3];
rx(4.571741897236914) q[4];
cx q[0],q[1];
barrier q[0],q[1],q[2],q[3],q[4];
ry(3.0373585709494266) q[2];
rx(0.9363558782280876) q[0];
ccx q[1],q[3],q[4];
barrier q[0],q[1],q[2],q[3],q[4];
ry(2.446846205845206) q[0];
cx q[1],q[4];
barrier q[0],q[1],q[2],q[3],q[4];
rz(5.816141868783557) q[4];
rz(3.191462758304894) q[0];
barrier q[0],q[1],q[2],q[3],q[4];
cx q[0],q[2];
rz(2.247830689989719) q[4];
rx(5.593440321009749) q[3];
rx(1.2839366519198114) q[1];
barrier q[0],q[1],q[2],q[3],q[4];
rz(0.3860409432466102) q[1];
ry(3.5807390522001166) q[4];
ccx q[0],q[2],q[3];
barrier q[0],q[1],q[2],q[3],q[4];
barrier q[0],q[1],q[2],q[3],q[4];
measure q[0] -> meas[0];
measure q[1] -> meas[1];
measure q[2] -> meas[2];
measure q[3] -> meas[3];
measure q[4] -> meas[4];","{""00101"": 55, ""10011"": 18, ""00100"": 32, ""11000"": 127, ""01010"": 18, ""00111"": 86, ""10010"": 4, ""10001"": 69, ""01000"": 69, ""11101"": 16, ""10101"": 116, ""00001"": 20, ""10111"": 152, ""11110"": 12, ""10100"": 13, ""00110"": 8, ""11010"": 30, ""10000"": 20, ""00000"": 11, ""11111"": 24, ""10110"": 30, ""00010"": 3, ""11001"": 12, ""01111"": 15, ""00011"": 24, ""01001"": 5, ""01101"": 8, ""01011"": 8, ""01100"": 7, ""11011"": 6, ""01110"": 3, ""11100"": 3}",{},circuit_images\circuit_023.png
24,"OPENQASM 2.0;
include ""qelib1.inc"";
gate mcx q0,q1,q2,q3 { h q3; p(pi/8) q0; p(pi/8) q1; p(pi/8) q2; p(pi/8) q3; cx q0,q1; p(-pi/8) q1; cx q0,q1; cx q1,q2; p(-pi/8) q2; cx q0,q2; p(pi/8) q2; cx q1,q2; p(-pi/8) q2; cx q0,q2; cx q2,q3; p(-pi/8) q3; cx q1,q3; p(pi/8) q3; cx q2,q3; p(-pi/8) q3; cx q0,q3; p(pi/8) q3; cx q2,q3; p(-pi/8) q3; cx q1,q3; p(pi/8) q3; cx q2,q3; p(-pi/8) q3; cx q0,q3; h q3; }
qreg q[5];
creg meas[5];
ry(5.128925069889348) q[4];
cx q[1],q[3];
cx q[0],q[2];
barrier q[0],q[1],q[2],q[3],q[4];
rz(0.12115793246411158) q[0];
mcx q[1],q[2],q[3],q[4];
barrier q[0],q[1],q[2],q[3],q[4];
ccx q[0],q[3],q[4];
barrier q[0],q[1],q[2],q[3],q[4];
rx(0.751772062848602) q[0];
rz(0.7995253361155275) q[1];
rx(2.0290466552889517) q[3];
ry(0.6009098808094423) q[2];
barrier q[0],q[1],q[2],q[3],q[4];
cx q[1],q[4];
cx q[0],q[2];
barrier q[0],q[1],q[2],q[3],q[4];
mcx q[0],q[1],q[3],q[4];
ry(4.198353755249559) q[2];
barrier q[0],q[1],q[2],q[3],q[4];
rz(4.477635813876751) q[1];
ry(2.5261615099032007) q[0];
rx(3.3426938015445127) q[3];
rz(1.5152063182603668) q[4];
rz(1.1754949121421991) q[2];
barrier q[0],q[1],q[2],q[3],q[4];
rx(1.8133663487420335) q[4];
cx q[2],q[3];
rx(1.4484699697012162) q[0];
ry(3.5023014419379255) q[1];
barrier q[0],q[1],q[2],q[3],q[4];
cx q[3],q[4];
cx q[0],q[1];
barrier q[0],q[1],q[2],q[3],q[4];
ry(4.083065429453318) q[2];
ry(5.419508136575683) q[4];
ry(4.162192392706392) q[0];
rz(4.348315883961525) q[3];
rz(3.9620563471545687) q[1];
barrier q[0],q[1],q[2],q[3],q[4];
mcx q[0],q[1],q[2],q[4];
barrier q[0],q[1],q[2],q[3],q[4];
mcx q[0],q[1],q[2],q[3];
barrier q[0],q[1],q[2],q[3],q[4];
cx q[0],q[3];
rx(3.063824783633267) q[4];
barrier q[0],q[1],q[2],q[3],q[4];
rx(1.737029039411454) q[1];
cx q[2],q[4];
ry(4.870797007343726) q[0];
barrier q[0],q[1],q[2],q[3],q[4];
barrier q[0],q[1],q[2],q[3],q[4];
measure q[0] -> meas[0];
measure q[1] -> meas[1];
measure q[2] -> meas[2];
measure q[3] -> meas[3];
measure q[4] -> meas[4];","{""11110"": 42, ""10101"": 31, ""00000"": 21, ""11111"": 65, ""10110"": 27, ""00001"": 92, ""01011"": 41, ""00101"": 25, ""01100"": 96, ""00100"": 52, ""00010"": 46, ""01101"": 22, ""10011"": 37, ""10000"": 60, ""10111"": 56, ""10100"": 41, ""11001"": 32, ""11101"": 47, ""11010"": 14, ""01110"": 35, ""01001"": 27, ""00110"": 18, ""11000"": 3, ""01111"": 9, ""01000"": 43, ""01010"": 9, ""00111"": 5, ""00011"": 4, ""10001"": 15, ""11100"": 5, ""10010"": 2, ""11011"": 2}",{},circuit_images\circuit_024.png
25,"OPENQASM 2.0;
include ""qelib1.inc"";
gate mcx q0,q1,q2,q3 { h q3; p(pi/8) q0; p(pi/8) q1; p(pi/8) q2; p(pi/8) q3; cx q0,q1; p(-pi/8) q1; cx q0,q1; cx q1,q2; p(-pi/8) q2; cx q0,q2; p(pi/8) q2; cx q1,q2; p(-pi/8) q2; cx q0,q2; cx q2,q3; p(-pi/8) q3; cx q1,q3; p(pi/8) q3; cx q2,q3; p(-pi/8) q3; cx q0,q3; p(pi/8) q3; cx q2,q3; p(-pi/8) q3; cx q1,q3; p(pi/8) q3; cx q2,q3; p(-pi/8) q3; cx q0,q3; h q3; }
qreg q[5];
creg meas[5];
ccx q[1],q[3],q[4];
rz(4.641697534358078) q[0];
rx(3.8112800092863983) q[2];
barrier q[0],q[1],q[2],q[3],q[4];
rx(3.9920724417152007) q[4];
rx(2.5972324846684938) q[0];
rz(5.5411679967281415) q[3];
ry(4.54234178508121) q[1];
barrier q[0],q[1],q[2],q[3],q[4];
cx q[3],q[4];
cx q[0],q[2];
rx(1.06368856431233) q[1];
barrier q[0],q[1],q[2],q[3],q[4];
ry(4.471023737846185) q[4];
ry(2.978796265326886) q[3];
rz(6.051097268375222) q[0];
rz(4.717089057667033) q[1];
rz(4.976989079488643) q[2];
barrier q[0],q[1],q[2],q[3],q[4];
ccx q[1],q[2],q[4];
cx q[0],q[3];
barrier q[0],q[1],q[2],q[3],q[4];
ccx q[1],q[3],q[4];
rz(4.562214346168708) q[0];
ry(2.0133957490264223) q[2];
barrier q[0],q[1],q[2],q[3],q[4];
cx q[1],q[3];
ry(4.404890098895633) q[4];
ry(2.441045497255745) q[2];
rz(5.061183394254955) q[0];
barrier q[0],q[1],q[2],q[3],q[4];
cx q[2],q[3];
barrier q[0],q[1],q[2],q[3],q[4];
ry(2.7464692996712343) q[3];
mcx q[0],q[1],q[2],q[4];
barrier q[0],q[1],q[2],q[3],q[4];
rx(3.941185953594392) q[2];
rx(1.8345730499497706) q[4];
barrier q[0],q[1],q[2],q[3],q[4];
cx q[2],q[3];
rz(4.690373133663092) q[0];
rx(6.0828409165636375) q[1];
barrier q[0],q[1],q[2],q[3],q[4];
barrier q[0],q[1],q[2],q[3],q[4];
measure q[0] -> meas[0];
measure q[1] -> meas[1];
measure q[2] -> meas[2];
measure q[3] -> meas[3];
measure q[4] -> meas[4];","{""10011"": 10, ""01011"": 94, ""10111"": 26, ""01111"": 73, ""00011"": 27, ""11011"": 216, ""11111"": 4, ""00001"": 224, ""01101"": 56, ""10110"": 12, ""01001"": 40, ""00110"": 25, ""01100"": 19, ""10101"": 13, ""10001"": 55, ""00111"": 53, ""11101"": 15, ""11100"": 6, ""00101"": 25, ""00100"": 3, ""00010"": 7, ""01010"": 2, ""11001"": 7, ""00000"": 7, ""01110"": 1, ""01000"": 2, ""11010"": 2}",{},circuit_images\circuit_025.png
26,"OPENQASM 2.0;
include ""qelib1.inc"";
gate mcx q0,q1,q2,q3,q4 { h q4; cp(pi/2) q3,q4; h q4; h q3; t q3; cx q2,q3; tdg q3; h q3; cx q0,q3; t q3; cx q1,q3; tdg q3; cx q0,q3; t q3; cx q1,q3; tdg q3; h q3; t q3; cx q2,q3; tdg q3; h q3; h q4; cp(-pi/2) q3,q4; h q4; h q3; t q3; cx q2,q3; tdg q3; h q3; t q3; cx q1,q3; tdg q3; cx q0,q3; t q3; cx q1,q3; tdg q3; cx q0,q3; h q3; t q3; cx q2,q3; tdg q3; h q3; h q4; cp(pi/8) q0,q4; h q4; cx q0,q1; h q4; cp(-pi/8) q1,q4; h q4; cx q0,q1; h q4; cp(pi/8) q1,q4; h q4; cx q1,q2; h q4; cp(-pi/8) q2,q4; h q4; cx q0,q2; h q4; cp(pi/8) q2,q4; h q4; cx q1,q2; h q4; cp(-pi/8) q2,q4; h q4; cx q0,q2; h q4; cp(pi/8) q2,q4; h q4; }
qreg q[5];
creg meas[5];
ry(5.7296422623869) q[4];
ccx q[0],q[2],q[3];
rz(2.9187848607490663) q[1];
barrier q[0],q[1],q[2],q[3],q[4];
mcx q[0],q[1],q[2],q[3],q[4];
barrier q[0],q[1],q[2],q[3],q[4];
rx(1.3258446344705146) q[2];
rz(1.0246915903928433) q[0];
rx(0.8668540840426855) q[3];
rx(5.1727445328902615) q[4];
rx(1.6244661498668795) q[1];
barrier q[0],q[1],q[2],q[3],q[4];
rz(5.7392137980625515) q[1];
rz(5.739941116887515) q[3];
rz(1.3926340215009443) q[2];
rz(1.75184696296178) q[4];
barrier q[0],q[1],q[2],q[3],q[4];
rx(2.1648694908445134) q[2];
ccx q[0],q[3],q[4];
ry(0.4759215480655595) q[1];
barrier q[0],q[1],q[2],q[3],q[4];
rz(4.74436138700049) q[4];
cx q[2],q[3];
barrier q[0],q[1],q[2],q[3],q[4];
cx q[2],q[3];
cx q[0],q[4];
rz(4.295099912096692) q[1];
barrier q[0],q[1],q[2],q[3],q[4];
ccx q[1],q[2],q[3];
barrier q[0],q[1],q[2],q[3],q[4];
barrier q[0],q[1],q[2],q[3],q[4];
measure q[0] -> meas[0];
measure q[1] -> meas[1];
measure q[2] -> meas[2];
measure q[3] -> meas[3];
measure q[4] -> meas[4];","{""01100"": 42, ""10010"": 41, ""00010"": 90, ""11100"": 28, ""01110"": 157, ""00000"": 121, ""00100"": 225, ""00110"": 44, ""11110"": 69, ""10100"": 83, ""10000"": 53, ""11000"": 11, ""01000"": 24, ""01010"": 15, ""11010"": 8, ""10110"": 13}",{},circuit_images\circuit_026.png
27,"OPENQASM 2.0;
include ""qelib1.inc"";
gate mcx q0,q1,q2,q3 { h q3; p(pi/8) q0; p(pi/8) q1; p(pi/8) q2; p(pi/8) q3; cx q0,q1; p(-pi/8) q1; cx q0,q1; cx q1,q2; p(-pi/8) q2; cx q0,q2; p(pi/8) q2; cx q1,q2; p(-pi/8) q2; cx q0,q2; cx q2,q3; p(-pi/8) q3; cx q1,q3; p(pi/8) q3; cx q2,q3; p(-pi/8) q3; cx q0,q3; p(pi/8) q3; cx q2,q3; p(-pi/8) q3; cx q1,q3; p(pi/8) q3; cx q2,q3; p(-pi/8) q3; cx q0,q3; h q3; }
qreg q[5];
creg meas[5];
ry(2.663471330235536) q[4];
rz(5.692103152199766) q[3];
cx q[1],q[2];
barrier q[0],q[1],q[2],q[3],q[4];
ccx q[0],q[3],q[4];
rz(0.5208186691082417) q[1];
ry(3.8999658426297423) q[2];
barrier q[0],q[1],q[2],q[3],q[4];
cx q[1],q[3];
rx(4.20429884939399) q[2];
barrier q[0],q[1],q[2],q[3],q[4];
rz(0.578825072012173) q[3];
rz(5.6497396651234135) q[0];
ry(0.44045855677976825) q[1];
barrier q[0],q[1],q[2],q[3],q[4];
rx(1.9389904252076642) q[2];
cx q[1],q[3];
rz(2.9838558678390656) q[4];
rz(4.079981854272661) q[0];
barrier q[0],q[1],q[2],q[3],q[4];
rx(4.340654121078596) q[3];
ry(5.317346568623572) q[0];
ccx q[1],q[2],q[4];
barrier q[0],q[1],q[2],q[3],q[4];
ccx q[0],q[1],q[2];
cx q[3],q[4];
barrier q[0],q[1],q[2],q[3],q[4];
mcx q[1],q[2],q[3],q[4];
barrier q[0],q[1],q[2],q[3],q[4];
cx q[0],q[2];
ry(5.597791332551515) q[3];
rz(2.987467600830611) q[1];
rz(3.605602479998616) q[4];
barrier q[0],q[1],q[2],q[3],q[4];
rx(5.1331734306862575) q[4];
mcx q[0],q[1],q[2],q[3];
barrier q[0],q[1],q[2],q[3],q[4];
cx q[0],q[2];
ccx q[1],q[3],q[4];
barrier q[0],q[1],q[2],q[3],q[4];
rx(0.39529224018266723) q[2];
ccx q[0],q[1],q[4];
rx(4.003844851759858) q[3];
barrier q[0],q[1],q[2],q[3],q[4];
rx(1.6972509217608809) q[2];
rx(4.833867621714262) q[1];
ry(2.631317536855978) q[3];
rz(6.003490798144883) q[4];
barrier q[0],q[1],q[2],q[3],q[4];
cx q[1],q[2];
cx q[3],q[4];
barrier q[0],q[1],q[2],q[3],q[4];
barrier q[0],q[1],q[2],q[3],q[4];
measure q[0] -> meas[0];
measure q[1] -> meas[1];
measure q[2] -> meas[2];
measure q[3] -> meas[3];
measure q[4] -> meas[4];","{""00100"": 46, ""11110"": 101, ""10010"": 32, ""11011"": 22, ""11010"": 61, ""11100"": 43, ""01110"": 96, ""11111"": 24, ""01011"": 31, ""01100"": 72, ""00111"": 4, ""00000"": 34, ""10110"": 42, ""11000"": 56, ""11001"": 32, ""00110"": 20, ""10000"": 31, ""10001"": 3, ""01010"": 60, ""01000"": 90, ""01111"": 17, ""00010"": 5, ""00001"": 17, ""01001"": 30, ""01101"": 6, ""10100"": 13, ""11101"": 8, ""10011"": 9, ""10111"": 10, ""00101"": 6, ""00011"": 2, ""10101"": 1}",{},circuit_images\circuit_027.png
28,"OPENQASM 2.0;
include ""qelib1.inc"";
gate mcx q0,q1,q2,q3 { h q3; p(pi/8) q0; p(pi/8) q1; p(pi/8) q2; p(pi/8) q3; cx q0,q1; p(-pi/8) q1; cx q0,q1; cx q1,q2; p(-pi/8) q2; cx q0,q2; p(pi/8) q2; cx q1,q2; p(-pi/8) q2; cx q0,q2; cx q2,q3; p(-pi/8) q3; cx q1,q3; p(pi/8) q3; cx q2,q3; p(-pi/8) q3; cx q0,q3; p(pi/8) q3; cx q2,q3; p(-pi/8) q3; cx q1,q3; p(pi/8) q3; cx q2,q3; p(-pi/8) q3; cx q0,q3; h q3; }
qreg q[5];
creg meas[5];
cx q[0],q[4];
rz(2.8857692382953437) q[1];
rx(5.390624890704805) q[2];
barrier q[0],q[1],q[2],q[3],q[4];
rz(5.416476534575442) q[3];
ry(5.707245290382471) q[0];
rz(2.727465717272134) q[2];
cx q[1],q[4];
barrier q[0],q[1],q[2],q[3],q[4];
mcx q[0],q[2],q[3],q[4];
barrier q[0],q[1],q[2],q[3],q[4];
rz(6.231971953366405) q[4];
rz(3.1576842279577) q[2];
barrier q[0],q[1],q[2],q[3],q[4];
ry(2.640961866896658) q[4];
rz(2.0586694340416893) q[3];
ry(4.765070473414325) q[0];
cx q[1],q[2];
barrier q[0],q[1],q[2],q[3],q[4];
rx(6.098664278162227) q[3];
ry(1.1669133164973264) q[0];
ry(4.27898116917425) q[4];
rz(5.473454496731331) q[1];
rz(2.9294799844001695) q[2];
barrier q[0],q[1],q[2],q[3],q[4];
cx q[0],q[3];
cx q[1],q[2];
barrier q[0],q[1],q[2],q[3],q[4];
rx(2.2533528666872114) q[1];
cx q[2],q[4];
cx q[0],q[3];
barrier q[0],q[1],q[2],q[3],q[4];
cx q[1],q[4];
ry(4.197463214938157) q[0];
rz(6.138749997940517) q[2];
barrier q[0],q[1],q[2],q[3],q[4];
rx(5.502857526086361) q[2];
cx q[0],q[1];
rz(5.9955611324747835) q[4];
rx(5.706766497946809) q[3];
barrier q[0],q[1],q[2],q[3],q[4];
ry(2.635460379648445) q[1];
ry(0.34714206374764484) q[2];
rz(1.660590384584139) q[3];
ry(1.7864255789583379) q[4];
barrier q[0],q[1],q[2],q[3],q[4];
rx(6.158273533746792) q[1];
barrier q[0],q[1],q[2],q[3],q[4];
rz(3.6566006673842706) q[3];
ry(6.052690441223254) q[0];
cx q[1],q[2];
barrier q[0],q[1],q[2],q[3],q[4];
barrier q[0],q[1],q[2],q[3],q[4];
measure q[0] -> meas[0];
measure q[1] -> meas[1];
measure q[2] -> meas[2];
measure q[3] -> meas[3];
measure q[4] -> meas[4];","{""00011"": 72, ""10111"": 515, ""11001"": 22, ""10001"": 134, ""11111"": 64, ""00111"": 129, ""11101"": 1, ""10000"": 9, ""00101"": 22, ""10110"": 4, ""00100"": 2, ""01111"": 18, ""11011"": 3, ""00001"": 5, ""01011"": 14, ""10011"": 3, ""00000"": 1, ""01101"": 3, ""00010"": 1, ""10101"": 1, ""01010"": 1}",{},circuit_images\circuit_028.png
29,"OPENQASM 2.0;
include ""qelib1.inc"";
gate mcx q0,q1,q2,q3 { h q3; p(pi/8) q0; p(pi/8) q1; p(pi/8) q2; p(pi/8) q3; cx q0,q1; p(-pi/8) q1; cx q0,q1; cx q1,q2; p(-pi/8) q2; cx q0,q2; p(pi/8) q2; cx q1,q2; p(-pi/8) q2; cx q0,q2; cx q2,q3; p(-pi/8) q3; cx q1,q3; p(pi/8) q3; cx q2,q3; p(-pi/8) q3; cx q0,q3; p(pi/8) q3; cx q2,q3; p(-pi/8) q3; cx q1,q3; p(pi/8) q3; cx q2,q3; p(-pi/8) q3; cx q0,q3; h q3; }
qreg q[5];
creg meas[5];
cx q[0],q[2];
rx(0.3757038919953111) q[3];
cx q[1],q[4];
barrier q[0],q[1],q[2],q[3],q[4];
ry(5.03654866063336) q[3];
ry(5.843632391214371) q[4];
rz(0.934912813127215) q[0];
rz(0.48775992500005394) q[2];
ry(5.989759919034747) q[1];
barrier q[0],q[1],q[2],q[3],q[4];
ry(3.883506241489667) q[2];
rx(3.7512423029270634) q[0];
ry(2.483607870796389) q[1];
rz(1.1493025018802998) q[4];
ry(0.4600579012613311) q[3];
barrier q[0],q[1],q[2],q[3],q[4];
mcx q[0],q[1],q[2],q[3];
rx(1.3422435789623717) q[4];
barrier q[0],q[1],q[2],q[3],q[4];
ry(1.6595630219436293) q[3];
rz(5.284265257154925) q[4];
cx q[0],q[2];
barrier q[0],q[1],q[2],q[3],q[4];
rx(4.363948775843444) q[0];
ry(0.7311711800183797) q[3];
rz(2.4803664529316927) q[4];
cx q[1],q[2];
barrier q[0],q[1],q[2],q[3],q[4];
rx(5.792874188412716) q[2];
ccx q[1],q[3],q[4];
ry(4.378623692363612) q[0];
barrier q[0],q[1],q[2],q[3],q[4];
cx q[0],q[3];
cx q[1],q[4];
barrier q[0],q[1],q[2],q[3],q[4];
barrier q[0],q[1],q[2],q[3],q[4];
measure q[0] -> meas[0];
measure q[1] -> meas[1];
measure q[2] -> meas[2];
measure q[3] -> meas[3];
measure q[4] -> meas[4];","{""11111"": 124, ""10110"": 109, ""00110"": 155, ""01111"": 198, ""10101"": 20, ""11000"": 19, ""10000"": 22, ""00010"": 41, ""11010"": 21, ""00000"": 13, ""00101"": 4, ""00011"": 22, ""10011"": 29, ""10111"": 26, ""10001"": 22, ""01001"": 16, ""01011"": 16, ""11001"": 25, ""10010"": 34, ""01010"": 12, ""00001"": 20, ""00100"": 2, ""11101"": 9, ""11011"": 18, ""01101"": 5, ""00111"": 13, ""01000"": 18, ""11110"": 4, ""11100"": 3, ""10100"": 2, ""01110"": 2}",{},circuit_images\circuit_029.png
30,"OPENQASM 2.0;
include ""qelib1.inc"";
gate mcx q0,q1,q2,q3 { h q3; p(pi/8) q0; p(pi/8) q1; p(pi/8) q2; p(pi/8) q3; cx q0,q1; p(-pi/8) q1; cx q0,q1; cx q1,q2; p(-pi/8) q2; cx q0,q2; p(pi/8) q2; cx q1,q2; p(-pi/8) q2; cx q0,q2; cx q2,q3; p(-pi/8) q3; cx q1,q3; p(pi/8) q3; cx q2,q3; p(-pi/8) q3; cx q0,q3; p(pi/8) q3; cx q2,q3; p(-pi/8) q3; cx q1,q3; p(pi/8) q3; cx q2,q3; p(-pi/8) q3; cx q0,q3; h q3; }
qreg q[5];
creg meas[5];
ry(6.230122070812638) q[3];
rz(6.050362077689745) q[4];
cx q[0],q[2];
barrier q[0],q[1],q[2],q[3],q[4];
rz(1.5743572964016879) q[0];
ry(2.212228184540288) q[3];
rz(2.134633078227806) q[4];
rz(4.260918915047827) q[2];
rx(3.13166205685297) q[1];
barrier q[0],q[1],q[2],q[3],q[4];
cx q[0],q[1];
rz(0.26156851666775166) q[3];
barrier q[0],q[1],q[2],q[3],q[4];
cx q[2],q[3];
cx q[0],q[4];
ry(6.210573216102637) q[1];
barrier q[0],q[1],q[2],q[3],q[4];
rz(5.234226275752201) q[1];
cx q[2],q[3];
rz(2.0895232742646432) q[4];
barrier q[0],q[1],q[2],q[3],q[4];
cx q[1],q[4];
ccx q[0],q[2],q[3];
barrier q[0],q[1],q[2],q[3],q[4];
cx q[1],q[2];
cx q[0],q[3];
barrier q[0],q[1],q[2],q[3],q[4];
mcx q[0],q[2],q[3],q[4];
rz(5.802615666707897) q[1];
barrier q[0],q[1],q[2],q[3],q[4];
ry(2.4048054514802693) q[0];
ry(5.778542834078881) q[3];
ccx q[1],q[2],q[4];
barrier q[0],q[1],q[2],q[3],q[4];
rx(1.1384413951139778) q[3];
rx(0.4274546743540413) q[0];
rz(4.439034900106157) q[4];
rx(2.2623060819682363) q[1];
rx(1.104878337147843) q[2];
barrier q[0],q[1],q[2],q[3],q[4];
cx q[0],q[3];
cx q[1],q[2];
barrier q[0],q[1],q[2],q[3],q[4];
barrier q[0],q[1],q[2],q[3],q[4];
measure q[0] -> meas[0];
measure q[1] -> meas[1];
measure q[2] -> meas[2];
measure q[3] -> meas[3];
measure q[4] -> meas[4];","{""00101"": 208, ""01100"": 43, ""00011"": 40, ""00001"": 84, ""01001"": 113, ""00100"": 69, ""01101"": 311, ""01011"": 62, ""01111"": 24, ""01110"": 7, ""00010"": 10, ""01000"": 16, ""00111"": 9, ""01010"": 8, ""00000"": 16, ""00110"": 4}",{},circuit_images\circuit_030.png
31,"OPENQASM 2.0;
include ""qelib1.inc"";
qreg q[5];
creg meas[5];
rz(2.40099052994697) q[4];
cx q[2],q[3];
rz(5.238947498493111) q[1];
barrier q[0],q[1],q[2],q[3],q[4];
cx q[3],q[4];
cx q[0],q[2];
rx(5.883320231060865) q[1];
barrier q[0],q[1],q[2],q[3],q[4];
rz(0.09235369110173738) q[0];
rx(2.9776314861932254) q[3];
rz(5.431456904375374) q[4];
cx q[1],q[2];
barrier q[0],q[1],q[2],q[3],q[4];
ccx q[0],q[2],q[4];
rz(0.5534334734936365) q[1];
rx(5.096590499150929) q[3];
barrier q[0],q[1],q[2],q[3],q[4];
cx q[0],q[4];
cx q[1],q[3];
rx(0.5528127735420836) q[2];
barrier q[0],q[1],q[2],q[3],q[4];
ccx q[0],q[1],q[4];
rx(5.4361397584885225) q[2];
ry(6.226065582629959) q[3];
barrier q[0],q[1],q[2],q[3],q[4];
cx q[0],q[1];
rx(2.0712403083814825) q[4];
rx(2.446395598931269) q[3];
rz(3.730639860279986) q[2];
barrier q[0],q[1],q[2],q[3],q[4];
rz(4.878903842137874) q[0];
rz(0.3157288571881349) q[2];
cx q[1],q[3];
rz(0.5402319593373311) q[4];
barrier q[0],q[1],q[2],q[3],q[4];
barrier q[0],q[1],q[2],q[3],q[4];
measure q[0] -> meas[0];
measure q[1] -> meas[1];
measure q[2] -> meas[2];
measure q[3] -> meas[3];
measure q[4] -> meas[4];","{""11000"": 479, ""10000"": 197, ""00000"": 83, ""01000"": 189, ""11110"": 25, ""10100"": 4, ""01110"": 10, ""11100"": 15, ""00100"": 3, ""00110"": 3, ""10110"": 14, ""01100"": 2}",{},circuit_images\circuit_031.png
32,"OPENQASM 2.0;
include ""qelib1.inc"";
qreg q[5];
creg meas[5];
rz(2.1142614625858593) q[1];
cx q[0],q[4];
rz(0.8622370539989416) q[3];
rz(0.7588597678355214) q[2];
barrier q[0],q[1],q[2],q[3],q[4];
cx q[3],q[4];
barrier q[0],q[1],q[2],q[3],q[4];
cx q[3],q[4];
rz(0.46063994032854305) q[2];
rx(6.140971311619776) q[1];
barrier q[0],q[1],q[2],q[3],q[4];
rz(2.992812568293971) q[0];
rx(3.4184903656548498) q[1];
cx q[2],q[3];
rx(3.617951647407242) q[4];
barrier q[0],q[1],q[2],q[3],q[4];
cx q[2],q[3];
cx q[0],q[4];
barrier q[0],q[1],q[2],q[3],q[4];
cx q[0],q[4];
ccx q[1],q[2],q[3];
barrier q[0],q[1],q[2],q[3],q[4];
rz(2.039690268206639) q[2];
rz(1.6871212458800906) q[3];
ry(5.66396601056957) q[0];
barrier q[0],q[1],q[2],q[3],q[4];
cx q[0],q[2];
cx q[1],q[3];
rx(1.175120998374876) q[4];
barrier q[0],q[1],q[2],q[3],q[4];
cx q[0],q[2];
ry(5.352527087693024) q[4];
ry(0.014880826621593596) q[1];
barrier q[0],q[1],q[2],q[3],q[4];
barrier q[0],q[1],q[2],q[3],q[4];
measure q[0] -> meas[0];
measure q[1] -> meas[1];
measure q[2] -> meas[2];
measure q[3] -> meas[3];
measure q[4] -> meas[4];","{""11010"": 444, ""10000"": 1, ""01010"": 478, ""11011"": 44, ""01011"": 57}",{},circuit_images\circuit_032.png
33,"OPENQASM 2.0;
include ""qelib1.inc"";
qreg q[5];
creg meas[5];
ccx q[0],q[1],q[2];
barrier q[0],q[1],q[2],q[3],q[4];
cx q[3],q[4];
cx q[0],q[2];
rx(4.328888725891881) q[1];
barrier q[0],q[1],q[2],q[3],q[4];
rx(5.493795699167784) q[0];
ry(2.2410733346985605) q[1];
cx q[2],q[4];
barrier q[0],q[1],q[2],q[3],q[4];
rx(2.3434420870354806) q[0];
rx(5.000320685275777) q[2];
rx(6.169249565733869) q[4];
rx(5.651394182221955) q[3];
rz(6.131217174890159) q[1];
barrier q[0],q[1],q[2],q[3],q[4];
rx(3.114107617798826) q[2];
rx(1.201272310663491) q[4];
ry(5.287749397053533) q[3];
rx(3.5956320037808998) q[0];
barrier q[0],q[1],q[2],q[3],q[4];
rx(4.405359924599182) q[0];
ccx q[1],q[2],q[4];
barrier q[0],q[1],q[2],q[3],q[4];
cx q[1],q[2];
cx q[0],q[3];
barrier q[0],q[1],q[2],q[3],q[4];
rx(0.11658116630901993) q[0];
rx(0.06292380071850322) q[3];
rx(2.3144753826711346) q[2];
ry(0.7710176033441899) q[4];
barrier q[0],q[1],q[2],q[3],q[4];
rx(3.5106967577164587) q[3];
ry(2.5141575237079645) q[4];
rx(4.067933989217222) q[0];
rz(1.066661703237885) q[1];
barrier q[0],q[1],q[2],q[3],q[4];
rz(1.2851500662685562) q[3];
rz(3.561546467543721) q[2];
rz(0.08149283912688085) q[4];
rz(3.98006385921445) q[0];
barrier q[0],q[1],q[2],q[3],q[4];
barrier q[0],q[1],q[2],q[3],q[4];
measure q[0] -> meas[0];
measure q[1] -> meas[1];
measure q[2] -> meas[2];
measure q[3] -> meas[3];
measure q[4] -> meas[4];","{""10110"": 52, ""11101"": 11, ""10100"": 219, ""10001"": 19, ""00100"": 83, ""10101"": 84, ""11000"": 19, ""10000"": 75, ""11100"": 54, ""11010"": 11, ""01110"": 14, ""00110"": 80, ""00001"": 7, ""01000"": 5, ""10011"": 15, ""00000"": 32, ""10010"": 69, ""00101"": 18, ""00010"": 43, ""00111"": 28, ""10111"": 16, ""01100"": 15, ""01010"": 11, ""11110"": 16, ""01101"": 3, ""00011"": 12, ""01111"": 5, ""01011"": 3, ""11111"": 3, ""11001"": 1, ""01001"": 1}",{},circuit_images\circuit_033.png
34,"OPENQASM 2.0;
include ""qelib1.inc"";
gate mcx q0,q1,q2,q3 { h q3; p(pi/8) q0; p(pi/8) q1; p(pi/8) q2; p(pi/8) q3; cx q0,q1; p(-pi/8) q1; cx q0,q1; cx q1,q2; p(-pi/8) q2; cx q0,q2; p(pi/8) q2; cx q1,q2; p(-pi/8) q2; cx q0,q2; cx q2,q3; p(-pi/8) q3; cx q1,q3; p(pi/8) q3; cx q2,q3; p(-pi/8) q3; cx q0,q3; p(pi/8) q3; cx q2,q3; p(-pi/8) q3; cx q1,q3; p(pi/8) q3; cx q2,q3; p(-pi/8) q3; cx q0,q3; h q3; }
qreg q[5];
creg meas[5];
ccx q[1],q[2],q[3];
cx q[0],q[4];
barrier q[0],q[1],q[2],q[3],q[4];
ry(1.006446078157106) q[3];
rx(2.62931092141752) q[4];
cx q[1],q[2];
barrier q[0],q[1],q[2],q[3],q[4];
cx q[1],q[4];
rz(1.2665568145880168) q[2];
barrier q[0],q[1],q[2],q[3],q[4];
rz(2.473467463404467) q[3];
mcx q[0],q[1],q[2],q[4];
barrier q[0],q[1],q[2],q[3],q[4];
rx(4.254574413060476) q[1];
rz(3.728061061011755) q[4];
rx(4.453448539160554) q[2];
rz(5.021173139524977) q[0];
rx(3.856032792408605) q[3];
barrier q[0],q[1],q[2],q[3],q[4];
ccx q[1],q[3],q[4];
rx(5.110460301369846) q[2];
rx(0.06537463959122125) q[0];
barrier q[0],q[1],q[2],q[3],q[4];
cx q[3],q[4];
cx q[1],q[2];
barrier q[0],q[1],q[2],q[3],q[4];
rx(3.5477790712576143) q[0];
cx q[1],q[2];
rx(2.95024997091701) q[3];
rx(0.5384393850994671) q[4];
barrier q[0],q[1],q[2],q[3],q[4];
rz(4.199308544150281) q[1];
cx q[0],q[3];
ry(2.2362206272116265) q[4];
rz(0.7247967721350604) q[2];
barrier q[0],q[1],q[2],q[3],q[4];
rx(2.0953232449854093) q[3];
ccx q[0],q[1],q[2];
barrier q[0],q[1],q[2],q[3],q[4];
cx q[1],q[4];
ry(3.191584906363739) q[2];
cx q[0],q[3];
barrier q[0],q[1],q[2],q[3],q[4];
cx q[1],q[3];
ry(4.571389241653507) q[4];
cx q[0],q[2];
barrier q[0],q[1],q[2],q[3],q[4];
ry(1.9429476893713393) q[1];
rx(0.9715937781701321) q[3];
rz(5.898184585937928) q[0];
cx q[2],q[4];
barrier q[0],q[1],q[2],q[3],q[4];
cx q[0],q[1];
rx(0.9974866472340704) q[4];
rx(1.547496474705351) q[2];
barrier q[0],q[1],q[2],q[3],q[4];
rz(3.4800828114261497) q[1];
cx q[0],q[4];
rx(4.920618814483141) q[2];
ry(1.9468281622111467) q[3];
barrier q[0],q[1],q[2],q[3],q[4];
barrier q[0],q[1],q[2],q[3],q[4];
measure q[0] -> meas[0];
measure q[1] -> meas[1];
measure q[2] -> meas[2];
measure q[3] -> meas[3];
measure q[4] -> meas[4];","{""00011"": 309, ""01011"": 122, ""11101"": 40, ""10101"": 83, ""01001"": 75, ""10000"": 5, ""00001"": 102, ""01111"": 27, ""01101"": 29, ""10011"": 38, ""11011"": 23, ""10001"": 22, ""10010"": 27, ""11000"": 13, ""00111"": 8, ""00101"": 33, ""11111"": 14, ""10111"": 39, ""01000"": 3, ""00010"": 4, ""11001"": 4, ""11010"": 3, ""00000"": 1}",{},circuit_images\circuit_034.png
35,"OPENQASM 2.0;
include ""qelib1.inc"";
gate mcx q0,q1,q2,q3 { h q3; p(pi/8) q0; p(pi/8) q1; p(pi/8) q2; p(pi/8) q3; cx q0,q1; p(-pi/8) q1; cx q0,q1; cx q1,q2; p(-pi/8) q2; cx q0,q2; p(pi/8) q2; cx q1,q2; p(-pi/8) q2; cx q0,q2; cx q2,q3; p(-pi/8) q3; cx q1,q3; p(pi/8) q3; cx q2,q3; p(-pi/8) q3; cx q0,q3; p(pi/8) q3; cx q2,q3; p(-pi/8) q3; cx q1,q3; p(pi/8) q3; cx q2,q3; p(-pi/8) q3; cx q0,q3; h q3; }
qreg q[5];
creg meas[5];
ry(3.867955104659916) q[4];
rx(1.855123754978703) q[2];
cx q[1],q[3];
rx(3.552140560694155) q[0];
barrier q[0],q[1],q[2],q[3],q[4];
rx(3.3931577437073694) q[4];
rx(2.4850337190533853) q[1];
ry(5.057288893128587) q[0];
rz(5.231674531718316) q[3];
rz(2.4835845925852165) q[2];
barrier q[0],q[1],q[2],q[3],q[4];
cx q[0],q[2];
cx q[1],q[4];
barrier q[0],q[1],q[2],q[3],q[4];
rz(2.351277169341069) q[1];
rz(2.9073890366197532) q[2];
barrier q[0],q[1],q[2],q[3],q[4];
rz(1.936906533232461) q[4];
cx q[0],q[3];
cx q[1],q[2];
barrier q[0],q[1],q[2],q[3],q[4];
rx(4.076822012335832) q[3];
barrier q[0],q[1],q[2],q[3],q[4];
ry(1.9025497198102574) q[3];
mcx q[0],q[1],q[2],q[4];
barrier q[0],q[1],q[2],q[3],q[4];
rx(1.5976054435289442) q[0];
rz(3.661444907677331) q[3];
rx(3.3617888284742645) q[2];
cx q[1],q[4];
barrier q[0],q[1],q[2],q[3],q[4];
rx(3.3644937292130552) q[3];
rx(2.072348750831116) q[0];
barrier q[0],q[1],q[2],q[3],q[4];
ry(4.486760977893009) q[2];
cx q[0],q[1];
cx q[3],q[4];
barrier q[0],q[1],q[2],q[3],q[4];
rx(0.4843109681406879) q[4];
rz(4.999655001884292) q[2];
cx q[0],q[1];
rz(5.7516167975900645) q[3];
barrier q[0],q[1],q[2],q[3],q[4];
ry(4.8507209663845385) q[3];
ry(6.155279279172034) q[1];
cx q[0],q[2];
ry(0.5110008282011737) q[4];
barrier q[0],q[1],q[2],q[3],q[4];
cx q[0],q[1];
ccx q[2],q[3],q[4];
barrier q[0],q[1],q[2],q[3],q[4];
ccx q[0],q[3],q[4];
cx q[1],q[2];
barrier q[0],q[1],q[2],q[3],q[4];
rz(2.14114187548595) q[4];
ry(5.040899945928293) q[3];
rz(0.18099495666563337) q[1];
rx(3.097633009206267) q[2];
barrier q[0],q[1],q[2],q[3],q[4];
barrier q[0],q[1],q[2],q[3],q[4];
measure q[0] -> meas[0];
measure q[1] -> meas[1];
measure q[2] -> meas[2];
measure q[3] -> meas[3];
measure q[4] -> meas[4];","{""10001"": 46, ""11100"": 3, ""00010"": 87, ""01010"": 75, ""11101"": 219, ""00110"": 234, ""01100"": 4, ""11011"": 18, ""10101"": 16, ""11000"": 10, ""01110"": 76, ""01000"": 26, ""10011"": 10, ""11110"": 44, ""10010"": 37, ""00101"": 24, ""10100"": 5, ""01011"": 7, ""11010"": 38, ""00011"": 11, ""10000"": 10, ""00000"": 5, ""00001"": 2, ""10110"": 1, ""10111"": 1, ""01001"": 11, ""00100"": 1, ""11001"": 1, ""01111"": 1, ""01101"": 1}",{},circuit_images\circuit_035.png
36,"OPENQASM 2.0;
include ""qelib1.inc"";
qreg q[5];
creg meas[5];
ry(2.879014468454918) q[4];
barrier q[0],q[1],q[2],q[3],q[4];
ry(2.4871392881126257) q[4];
rz(6.138795605955041) q[3];
rx(0.8448031638669841) q[1];
ry(1.122667517959407) q[2];
barrier q[0],q[1],q[2],q[3],q[4];
rz(2.7366337705506862) q[1];
rz(3.938135630519511) q[4];
barrier q[0],q[1],q[2],q[3],q[4];
ry(2.9392879523498507) q[4];
cx q[0],q[3];
ry(3.8964271919790234) q[2];
barrier q[0],q[1],q[2],q[3],q[4];
rz(6.026873626500973) q[4];
rz(6.087265777713625) q[1];
rx(0.3304729086399958) q[2];
rx(5.5894226010664) q[0];
ry(5.320472206499881) q[3];
barrier q[0],q[1],q[2],q[3],q[4];
rx(3.05718287512352) q[0];
cx q[3],q[4];
cx q[1],q[2];
barrier q[0],q[1],q[2],q[3],q[4];
rx(5.692914634607343) q[0];
ccx q[1],q[3],q[4];
rx(4.858589080552783) q[2];
barrier q[0],q[1],q[2],q[3],q[4];
rx(3.9343352810419465) q[0];
cx q[1],q[4];
barrier q[0],q[1],q[2],q[3],q[4];
barrier q[0],q[1],q[2],q[3],q[4];
measure q[0] -> meas[0];
measure q[1] -> meas[1];
measure q[2] -> meas[2];
measure q[3] -> meas[3];
measure q[4] -> meas[4];","{""10000"": 272, ""01000"": 82, ""10001"": 38, ""00010"": 55, ""01110"": 24, ""10100"": 225, ""10010"": 9, ""01100"": 69, ""00100"": 45, ""00000"": 54, ""10101"": 16, ""00110"": 54, ""11010"": 4, ""00011"": 4, ""11000"": 13, ""10110"": 8, ""00101"": 4, ""01010"": 10, ""01101"": 11, ""01111"": 2, ""10011"": 1, ""11101"": 1, ""11100"": 9, ""00001"": 2, ""00111"": 5, ""11110"": 2, ""01001"": 2, ""11001"": 3}",{},circuit_images\circuit_036.png
37,"OPENQASM 2.0;
include ""qelib1.inc"";
gate mcx q0,q1,q2,q3,q4 { h q4; cp(pi/2) q3,q4; h q4; h q3; t q3; cx q2,q3; tdg q3; h q3; cx q0,q3; t q3; cx q1,q3; tdg q3; cx q0,q3; t q3; cx q1,q3; tdg q3; h q3; t q3; cx q2,q3; tdg q3; h q3; h q4; cp(-pi/2) q3,q4; h q4; h q3; t q3; cx q2,q3; tdg q3; h q3; t q3; cx q1,q3; tdg q3; cx q0,q3; t q3; cx q1,q3; tdg q3; cx q0,q3; h q3; t q3; cx q2,q3; tdg q3; h q3; h q4; cp(pi/8) q0,q4; h q4; cx q0,q1; h q4; cp(-pi/8) q1,q4; h q4; cx q0,q1; h q4; cp(pi/8) q1,q4; h q4; cx q1,q2; h q4; cp(-pi/8) q2,q4; h q4; cx q0,q2; h q4; cp(pi/8) q2,q4; h q4; cx q1,q2; h q4; cp(-pi/8) q2,q4; h q4; cx q0,q2; h q4; cp(pi/8) q2,q4; h q4; }
gate mcx_2220944306352 q0,q1,q2,q3 { h q3; p(pi/8) q0; p(pi/8) q1; p(pi/8) q2; p(pi/8) q3; cx q0,q1; p(-pi/8) q1; cx q0,q1; cx q1,q2; p(-pi/8) q2; cx q0,q2; p(pi/8) q2; cx q1,q2; p(-pi/8) q2; cx q0,q2; cx q2,q3; p(-pi/8) q3; cx q1,q3; p(pi/8) q3; cx q2,q3; p(-pi/8) q3; cx q0,q3; p(pi/8) q3; cx q2,q3; p(-pi/8) q3; cx q1,q3; p(pi/8) q3; cx q2,q3; p(-pi/8) q3; cx q0,q3; h q3; }
qreg q[5];
creg meas[5];
mcx q[0],q[1],q[2],q[3],q[4];
barrier q[0],q[1],q[2],q[3],q[4];
rz(6.066610341192118) q[2];
rz(2.831648638996421) q[1];
ry(0.6130004284694089) q[0];
cx q[3],q[4];
barrier q[0],q[1],q[2],q[3],q[4];
rz(4.571304794219101) q[0];
rx(3.2397003664259376) q[4];
cx q[2],q[3];
ry(1.2296899341276797) q[1];
barrier q[0],q[1],q[2],q[3],q[4];
ry(1.2855296854386102) q[0];
mcx_2220944306352 q[1],q[2],q[3],q[4];
barrier q[0],q[1],q[2],q[3],q[4];
ry(0.166679854085557) q[4];
ry(4.729448163495727) q[2];
rz(0.8335400688393464) q[0];
barrier q[0],q[1],q[2],q[3],q[4];
rz(0.982447814982687) q[3];
ccx q[1],q[2],q[4];
barrier q[0],q[1],q[2],q[3],q[4];
ry(1.375361814830828) q[2];
cx q[0],q[1];
rx(3.120757493476292) q[3];
rx(3.4921902062069745) q[4];
barrier q[0],q[1],q[2],q[3],q[4];
ry(0.3297547467148612) q[0];
ry(1.7216986873351185) q[1];
ccx q[2],q[3],q[4];
barrier q[0],q[1],q[2],q[3],q[4];
cx q[1],q[2];
ry(0.8193360617163443) q[4];
cx q[0],q[3];
barrier q[0],q[1],q[2],q[3],q[4];
rx(3.4518799357161067) q[3];
cx q[1],q[4];
cx q[0],q[2];
barrier q[0],q[1],q[2],q[3],q[4];
cx q[2],q[3];
ry(3.785003264418564) q[4];
cx q[0],q[1];
barrier q[0],q[1],q[2],q[3],q[4];
rz(2.142438284383227) q[4];
ccx q[1],q[2],q[3];
barrier q[0],q[1],q[2],q[3],q[4];
cx q[3],q[4];
rx(1.1674291524758933) q[2];
cx q[0],q[1];
barrier q[0],q[1],q[2],q[3],q[4];
ccx q[1],q[3],q[4];
rz(6.2645763644215124) q[2];
rx(2.656995365712563) q[0];
barrier q[0],q[1],q[2],q[3],q[4];
barrier q[0],q[1],q[2],q[3],q[4];
measure q[0] -> meas[0];
measure q[1] -> meas[1];
measure q[2] -> meas[2];
measure q[3] -> meas[3];
measure q[4] -> meas[4];","{""01100"": 48, ""00011"": 119, ""01001"": 59, ""01010"": 186, ""00111"": 192, ""01000"": 21, ""00110"": 45, ""01110"": 55, ""10001"": 51, ""01111"": 8, ""01101"": 47, ""11010"": 20, ""11100"": 6, ""01011"": 20, ""10101"": 58, ""10111"": 30, ""11110"": 8, ""10010"": 5, ""10110"": 17, ""00001"": 2, ""10000"": 11, ""10100"": 6, ""00101"": 1, ""11000"": 2, ""11111"": 1, ""00010"": 1, ""10011"": 2, ""11001"": 1, ""11101"": 1, ""11011"": 1}",{},circuit_images\circuit_037.png
38,"OPENQASM 2.0;
include ""qelib1.inc"";
gate mcx q0,q1,q2,q3 { h q3; p(pi/8) q0; p(pi/8) q1; p(pi/8) q2; p(pi/8) q3; cx q0,q1; p(-pi/8) q1; cx q0,q1; cx q1,q2; p(-pi/8) q2; cx q0,q2; p(pi/8) q2; cx q1,q2; p(-pi/8) q2; cx q0,q2; cx q2,q3; p(-pi/8) q3; cx q1,q3; p(pi/8) q3; cx q2,q3; p(-pi/8) q3; cx q0,q3; p(pi/8) q3; cx q2,q3; p(-pi/8) q3; cx q1,q3; p(pi/8) q3; cx q2,q3; p(-pi/8) q3; cx q0,q3; h q3; }
qreg q[5];
creg meas[5];
ry(1.8318806178662352) q[2];
mcx q[0],q[1],q[3],q[4];
barrier q[0],q[1],q[2],q[3],q[4];
cx q[0],q[1];
ccx q[2],q[3],q[4];
barrier q[0],q[1],q[2],q[3],q[4];
cx q[1],q[2];
rx(1.36741475527754) q[4];
ry(1.7852887808269222) q[3];
barrier q[0],q[1],q[2],q[3],q[4];
rz(4.585143010624345) q[4];
rx(3.527162614578302) q[1];
rz(1.8241161409590418) q[2];
rz(3.529621576687954) q[3];
rz(0.9513113251836381) q[0];
barrier q[0],q[1],q[2],q[3],q[4];
cx q[0],q[1];
rz(2.7811419582132513) q[3];
ry(5.089668020162382) q[2];
rx(4.735550788711766) q[4];
barrier q[0],q[1],q[2],q[3],q[4];
rz(0.7807802702973576) q[4];
ry(4.703888220992473) q[2];
rx(5.864388201093652) q[1];
barrier q[0],q[1],q[2],q[3],q[4];
barrier q[0],q[1],q[2],q[3],q[4];
measure q[0] -> meas[0];
measure q[1] -> meas[1];
measure q[2] -> meas[2];
measure q[3] -> meas[3];
measure q[4] -> meas[4];","{""00010"": 84, ""10010"": 112, ""11010"": 210, ""01110"": 118, ""11110"": 148, ""01010"": 161, ""10110"": 123, ""00110"": 68}",{},circuit_images\circuit_038.png
39,"OPENQASM 2.0;
include ""qelib1.inc"";
gate mcx q0,q1,q2,q3 { h q3; p(pi/8) q0; p(pi/8) q1; p(pi/8) q2; p(pi/8) q3; cx q0,q1; p(-pi/8) q1; cx q0,q1; cx q1,q2; p(-pi/8) q2; cx q0,q2; p(pi/8) q2; cx q1,q2; p(-pi/8) q2; cx q0,q2; cx q2,q3; p(-pi/8) q3; cx q1,q3; p(pi/8) q3; cx q2,q3; p(-pi/8) q3; cx q0,q3; p(pi/8) q3; cx q2,q3; p(-pi/8) q3; cx q1,q3; p(pi/8) q3; cx q2,q3; p(-pi/8) q3; cx q0,q3; h q3; }
qreg q[5];
creg meas[5];
cx q[3],q[4];
ry(3.881085388496844) q[0];
rx(3.054833190850425) q[2];
barrier q[0],q[1],q[2],q[3],q[4];
ry(4.769724430155532) q[3];
mcx q[0],q[1],q[2],q[4];
barrier q[0],q[1],q[2],q[3],q[4];
ry(2.4819971697798953) q[2];
cx q[1],q[4];
ry(3.5485288125912398) q[0];
ry(0.5625199587520175) q[3];
barrier q[0],q[1],q[2],q[3],q[4];
mcx q[1],q[2],q[3],q[4];
barrier q[0],q[1],q[2],q[3],q[4];
cx q[0],q[1];
rz(4.907738902118141) q[3];
rx(5.6501709917523995) q[2];
rx(2.6305424125129466) q[4];
barrier q[0],q[1],q[2],q[3],q[4];
rz(5.819155658654633) q[0];
rx(5.830539386336843) q[1];
rz(4.723069446210511) q[4];
barrier q[0],q[1],q[2],q[3],q[4];
rx(2.8930383979462504) q[1];
rx(2.3168321310359934) q[0];
barrier q[0],q[1],q[2],q[3],q[4];
ry(0.28774200340231837) q[0];
barrier q[0],q[1],q[2],q[3],q[4];
barrier q[0],q[1],q[2],q[3],q[4];
measure q[0] -> meas[0];
measure q[1] -> meas[1];
measure q[2] -> meas[2];
measure q[3] -> meas[3];
measure q[4] -> meas[4];","{""11010"": 33, ""10001"": 123, ""00000"": 10, ""10010"": 139, ""11011"": 66, ""10011"": 278, ""10000"": 103, ""10111"": 58, ""11000"": 29, ""11110"": 5, ""00010"": 15, ""11001"": 30, ""10110"": 27, ""10101"": 25, ""00100"": 1, ""11101"": 2, ""11111"": 15, ""00110"": 3, ""00011"": 20, ""10100"": 11, ""00001"": 7, ""00111"": 1, ""01011"": 6, ""01010"": 3, ""00101"": 2, ""11100"": 6, ""01000"": 1, ""01001"": 3, ""01111"": 1, ""01100"": 1}",{},circuit_images\circuit_039.png
40,"OPENQASM 2.0;
include ""qelib1.inc"";
qreg q[5];
creg meas[5];
ccx q[1],q[3],q[4];
ry(6.058574705880888) q[0];
ry(1.8316564404874003) q[2];
barrier q[0],q[1],q[2],q[3],q[4];
rz(3.73048664791513) q[2];
ry(0.5861207058781072) q[3];
ry(3.662108794878098) q[4];
cx q[0],q[1];
barrier q[0],q[1],q[2],q[3],q[4];
rz(3.4351572499642424) q[3];
rz(0.8111240176350594) q[0];
rx(0.4260061819139523) q[2];
rx(5.472255465324217) q[1];
rx(4.3639435888789295) q[4];
barrier q[0],q[1],q[2],q[3],q[4];
cx q[3],q[4];
cx q[0],q[1];
barrier q[0],q[1],q[2],q[3],q[4];
cx q[0],q[3];
ccx q[1],q[2],q[4];
barrier q[0],q[1],q[2],q[3],q[4];
ccx q[1],q[2],q[3];
rx(3.9259619908429024) q[0];
ry(1.1080285234686105) q[4];
barrier q[0],q[1],q[2],q[3],q[4];
rx(2.290040681514519) q[0];
cx q[2],q[3];
ry(6.040875641255846) q[4];
rz(2.7521434679214165) q[1];
barrier q[0],q[1],q[2],q[3],q[4];
rz(1.6750341505104946) q[0];
cx q[1],q[4];
rz(1.7698472633577986) q[2];
rz(1.3401613258068557) q[3];
barrier q[0],q[1],q[2],q[3],q[4];
cx q[1],q[2];
cx q[0],q[4];
barrier q[0],q[1],q[2],q[3],q[4];
rx(6.174336933356338) q[4];
rz(5.067572110868234) q[1];
rx(0.3736194006983309) q[2];
barrier q[0],q[1],q[2],q[3],q[4];
rx(0.9364734040899728) q[0];
rx(5.790007056898483) q[2];
rz(0.236280236083437) q[3];
ry(4.850393540895533) q[4];
barrier q[0],q[1],q[2],q[3],q[4];
rx(3.1804682915806284) q[2];
rz(4.86859222350435) q[0];
cx q[1],q[3];
rx(5.976507668348485) q[4];
barrier q[0],q[1],q[2],q[3],q[4];
ry(1.6768597372125178) q[3];
rx(0.9864956546748981) q[0];
ry(0.011977266530230509) q[2];
barrier q[0],q[1],q[2],q[3],q[4];
cx q[1],q[3];
rz(1.685715854226718) q[2];
rz(3.2739802018323068) q[4];
ry(1.415200994951619) q[0];
barrier q[0],q[1],q[2],q[3],q[4];
rz(5.400725126548878) q[2];
rx(5.918862785149232) q[1];
ry(1.0789091605827854) q[0];
cx q[3],q[4];
barrier q[0],q[1],q[2],q[3],q[4];
barrier q[0],q[1],q[2],q[3],q[4];
measure q[0] -> meas[0];
measure q[1] -> meas[1];
measure q[2] -> meas[2];
measure q[3] -> meas[3];
measure q[4] -> meas[4];","{""01000"": 52, ""11001"": 75, ""10000"": 86, ""11000"": 140, ""01100"": 47, ""01101"": 29, ""10110"": 13, ""11101"": 31, ""00100"": 42, ""01011"": 5, ""00110"": 43, ""10010"": 22, ""01110"": 29, ""00000"": 79, ""10001"": 59, ""11100"": 34, ""00101"": 26, ""10100"": 23, ""00010"": 3, ""01111"": 15, ""10101"": 17, ""01001"": 42, ""00001"": 70, ""00111"": 8, ""10111"": 12, ""01010"": 9, ""11011"": 3, ""11111"": 1, ""10011"": 6, ""00011"": 2, ""11010"": 1}",{},circuit_images\circuit_040.png
41,"OPENQASM 2.0;
include ""qelib1.inc"";
qreg q[5];
creg meas[5];
cx q[1],q[3];
cx q[0],q[2];
barrier q[0],q[1],q[2],q[3],q[4];
rx(3.3587927737148773) q[2];
ry(0.39800888137108553) q[3];
cx q[0],q[4];
barrier q[0],q[1],q[2],q[3],q[4];
rz(3.6566168017681524) q[1];
cx q[0],q[4];
rz(6.135391100410945) q[2];
barrier q[0],q[1],q[2],q[3],q[4];
ccx q[1],q[2],q[3];
rz(2.946128121125811) q[0];
ry(5.628509250137715) q[4];
barrier q[0],q[1],q[2],q[3],q[4];
ry(4.234190699097782) q[2];
rx(0.36046665252508714) q[3];
cx q[1],q[4];
barrier q[0],q[1],q[2],q[3],q[4];
ry(3.856550459321776) q[1];
ry(4.819338932521238) q[3];
ry(1.410564351378789) q[2];
rz(0.7746085459173) q[0];
rx(1.499485837850826) q[4];
barrier q[0],q[1],q[2],q[3],q[4];
cx q[1],q[3];
cx q[0],q[2];
rz(4.035521401221271) q[4];
barrier q[0],q[1],q[2],q[3],q[4];
barrier q[0],q[1],q[2],q[3],q[4];
measure q[0] -> meas[0];
measure q[1] -> meas[1];
measure q[2] -> meas[2];
measure q[3] -> meas[3];
measure q[4] -> meas[4];","{""00100"": 47, ""11110"": 271, ""00110"": 110, ""01110"": 291, ""00010"": 14, ""01010"": 34, ""10000"": 7, ""10110"": 108, ""01100"": 14, ""11100"": 20, ""11010"": 41, ""10100"": 46, ""10010"": 12, ""01000"": 4, ""11000"": 1, ""00000"": 4}",{},circuit_images\circuit_041.png
42,"OPENQASM 2.0;
include ""qelib1.inc"";
gate mcx q0,q1,q2,q3 { h q3; p(pi/8) q0; p(pi/8) q1; p(pi/8) q2; p(pi/8) q3; cx q0,q1; p(-pi/8) q1; cx q0,q1; cx q1,q2; p(-pi/8) q2; cx q0,q2; p(pi/8) q2; cx q1,q2; p(-pi/8) q2; cx q0,q2; cx q2,q3; p(-pi/8) q3; cx q1,q3; p(pi/8) q3; cx q2,q3; p(-pi/8) q3; cx q0,q3; p(pi/8) q3; cx q2,q3; p(-pi/8) q3; cx q1,q3; p(pi/8) q3; cx q2,q3; p(-pi/8) q3; cx q0,q3; h q3; }
qreg q[5];
creg meas[5];
mcx q[0],q[1],q[2],q[3];
ry(0.05292829357460494) q[4];
barrier q[0],q[1],q[2],q[3],q[4];
rz(5.668609869562481) q[2];
rx(4.442841609351747) q[4];
cx q[0],q[3];
barrier q[0],q[1],q[2],q[3],q[4];
rz(2.634373987097286) q[4];
cx q[0],q[3];
cx q[1],q[2];
barrier q[0],q[1],q[2],q[3],q[4];
ry(2.388736995088485) q[3];
rz(2.55600269170933) q[0];
rz(1.2310325091729368) q[2];
rz(6.236768954276287) q[4];
ry(0.9582991150007188) q[1];
barrier q[0],q[1],q[2],q[3],q[4];
ccx q[0],q[1],q[3];
rx(5.111241335268388) q[2];
barrier q[0],q[1],q[2],q[3],q[4];
rx(5.288293958734315) q[0];
cx q[2],q[3];
cx q[1],q[4];
barrier q[0],q[1],q[2],q[3],q[4];
cx q[0],q[4];
ry(3.979269805341058) q[3];
rz(2.1259469411581526) q[2];
barrier q[0],q[1],q[2],q[3],q[4];
rx(0.12426155210635074) q[0];
rz(4.636931205220689) q[4];
barrier q[0],q[1],q[2],q[3],q[4];
ccx q[1],q[2],q[3];
cx q[0],q[4];
barrier q[0],q[1],q[2],q[3],q[4];
rx(2.8113211811374508) q[1];
rx(0.11022122270443058) q[2];
ccx q[0],q[3],q[4];
barrier q[0],q[1],q[2],q[3],q[4];
rz(3.5599937764295837) q[1];
ccx q[0],q[2],q[3];
barrier q[0],q[1],q[2],q[3],q[4];
ccx q[1],q[2],q[4];
rz(3.858218115034395) q[0];
rz(0.019870224965125752) q[3];
barrier q[0],q[1],q[2],q[3],q[4];
ry(0.5519992337004815) q[1];
ry(5.615377330526555) q[4];
cx q[2],q[3];
barrier q[0],q[1],q[2],q[3],q[4];
rz(3.5434524561181515) q[3];
ry(2.5560750967454893) q[4];
rx(5.3901791816730364) q[1];
rz(3.5371865405383214) q[0];
rz(3.2648983350362206) q[2];
barrier q[0],q[1],q[2],q[3],q[4];
cx q[1],q[4];
ry(1.0455449550620717) q[3];
rz(5.570607167109134) q[2];
barrier q[0],q[1],q[2],q[3],q[4];
barrier q[0],q[1],q[2],q[3],q[4];
measure q[0] -> meas[0];
measure q[1] -> meas[1];
measure q[2] -> meas[2];
measure q[3] -> meas[3];
measure q[4] -> meas[4];","{""01111"": 46, ""00010"": 54, ""00011"": 96, ""10010"": 253, ""01000"": 9, ""11010"": 86, ""01001"": 4, ""10100"": 10, ""11110"": 109, ""01100"": 33, ""10000"": 37, ""00000"": 25, ""10011"": 35, ""00100"": 6, ""10111"": 14, ""01110"": 7, ""01011"": 15, ""11100"": 79, ""11111"": 8, ""10110"": 15, ""10001"": 6, ""01010"": 18, ""00111"": 9, ""11000"": 16, ""11101"": 14, ""11011"": 13, ""10101"": 1, ""11001"": 3, ""00001"": 3}",{},circuit_images\circuit_042.png
43,"OPENQASM 2.0;
include ""qelib1.inc"";
gate mcx q0,q1,q2,q3,q4 { h q4; cp(pi/2) q3,q4; h q4; h q3; t q3; cx q2,q3; tdg q3; h q3; cx q0,q3; t q3; cx q1,q3; tdg q3; cx q0,q3; t q3; cx q1,q3; tdg q3; h q3; t q3; cx q2,q3; tdg q3; h q3; h q4; cp(-pi/2) q3,q4; h q4; h q3; t q3; cx q2,q3; tdg q3; h q3; t q3; cx q1,q3; tdg q3; cx q0,q3; t q3; cx q1,q3; tdg q3; cx q0,q3; h q3; t q3; cx q2,q3; tdg q3; h q3; h q4; cp(pi/8) q0,q4; h q4; cx q0,q1; h q4; cp(-pi/8) q1,q4; h q4; cx q0,q1; h q4; cp(pi/8) q1,q4; h q4; cx q1,q2; h q4; cp(-pi/8) q2,q4; h q4; cx q0,q2; h q4; cp(pi/8) q2,q4; h q4; cx q1,q2; h q4; cp(-pi/8) q2,q4; h q4; cx q0,q2; h q4; cp(pi/8) q2,q4; h q4; }
gate mcx_2221192847264 q0,q1,q2,q3 { h q3; p(pi/8) q0; p(pi/8) q1; p(pi/8) q2; p(pi/8) q3; cx q0,q1; p(-pi/8) q1; cx q0,q1; cx q1,q2; p(-pi/8) q2; cx q0,q2; p(pi/8) q2; cx q1,q2; p(-pi/8) q2; cx q0,q2; cx q2,q3; p(-pi/8) q3; cx q1,q3; p(pi/8) q3; cx q2,q3; p(-pi/8) q3; cx q0,q3; p(pi/8) q3; cx q2,q3; p(-pi/8) q3; cx q1,q3; p(pi/8) q3; cx q2,q3; p(-pi/8) q3; cx q0,q3; h q3; }
qreg q[5];
creg meas[5];
cx q[0],q[2];
rx(0.2552123992163637) q[4];
barrier q[0],q[1],q[2],q[3],q[4];
cx q[2],q[4];
ccx q[0],q[1],q[3];
barrier q[0],q[1],q[2],q[3],q[4];
mcx q[0],q[1],q[2],q[3],q[4];
barrier q[0],q[1],q[2],q[3],q[4];
rz(0.22860967233155008) q[4];
ry(2.629937412308888) q[3];
rx(6.011746095881125) q[2];
cx q[0],q[1];
barrier q[0],q[1],q[2],q[3],q[4];
mcx_2221192847264 q[0],q[1],q[2],q[4];
rx(5.519140169611495) q[3];
barrier q[0],q[1],q[2],q[3],q[4];
cx q[0],q[1];
rx(2.1011669930338686) q[2];
ry(4.997818766806191) q[3];
ry(4.75889092087635) q[4];
barrier q[0],q[1],q[2],q[3],q[4];
rz(4.019578216747604) q[3];
rz(4.130112560207808) q[1];
cx q[2],q[4];
rz(3.198353504920354) q[0];
barrier q[0],q[1],q[2],q[3],q[4];
ry(0.585435581032837) q[2];
rz(3.3538922024291793) q[4];
cx q[1],q[3];
barrier q[0],q[1],q[2],q[3],q[4];
ry(0.3150204996133719) q[3];
rx(0.7115658869548074) q[4];
rx(3.1459834769325172) q[2];
rz(1.3619322954411075) q[0];
ry(2.6733110108429576) q[1];
barrier q[0],q[1],q[2],q[3],q[4];
rz(1.635694543676053) q[0];
rx(3.050789481999552) q[1];
ry(0.3113988341177247) q[2];
rx(3.4012258048607587) q[3];
rx(4.663202071994815) q[4];
barrier q[0],q[1],q[2],q[3],q[4];
barrier q[0],q[1],q[2],q[3],q[4];
measure q[0] -> meas[0];
measure q[1] -> meas[1];
measure q[2] -> meas[2];
measure q[3] -> meas[3];
measure q[4] -> meas[4];","{""11100"": 166, ""01100"": 101, ""11010"": 10, ""01000"": 207, ""10000"": 94, ""11000"": 240, ""10110"": 7, ""10100"": 56, ""00100"": 27, ""00000"": 86, ""01110"": 8, ""10010"": 5, ""01010"": 8, ""11110"": 4, ""00010"": 5}",{},circuit_images\circuit_043.png
44,"OPENQASM 2.0;
include ""qelib1.inc"";
gate mcx q0,q1,q2,q3 { h q3; p(pi/8) q0; p(pi/8) q1; p(pi/8) q2; p(pi/8) q3; cx q0,q1; p(-pi/8) q1; cx q0,q1; cx q1,q2; p(-pi/8) q2; cx q0,q2; p(pi/8) q2; cx q1,q2; p(-pi/8) q2; cx q0,q2; cx q2,q3; p(-pi/8) q3; cx q1,q3; p(pi/8) q3; cx q2,q3; p(-pi/8) q3; cx q0,q3; p(pi/8) q3; cx q2,q3; p(-pi/8) q3; cx q1,q3; p(pi/8) q3; cx q2,q3; p(-pi/8) q3; cx q0,q3; h q3; }
qreg q[5];
creg meas[5];
mcx q[0],q[1],q[2],q[3];
rz(5.145562781296969) q[4];
barrier q[0],q[1],q[2],q[3],q[4];
cx q[3],q[4];
ry(4.622381367140304) q[2];
cx q[0],q[1];
barrier q[0],q[1],q[2],q[3],q[4];
cx q[2],q[4];
rx(1.3503638320281104) q[0];
rx(4.301066807526996) q[1];
barrier q[0],q[1],q[2],q[3],q[4];
ry(1.4485418666094254) q[1];
rz(2.3061607231346213) q[4];
cx q[0],q[3];
rx(1.072990941441529) q[2];
barrier q[0],q[1],q[2],q[3],q[4];
rx(3.3036408019455106) q[1];
rz(2.153851153125224) q[4];
cx q[0],q[2];
rz(4.52092236724882) q[3];
barrier q[0],q[1],q[2],q[3],q[4];
ry(1.4905267428889017) q[1];
rx(4.9128872576229385) q[0];
rz(4.9518037187024895) q[3];
ry(2.1691539100978794) q[4];
barrier q[0],q[1],q[2],q[3],q[4];
ry(1.9773755823941808) q[0];
cx q[3],q[4];
barrier q[0],q[1],q[2],q[3],q[4];
barrier q[0],q[1],q[2],q[3],q[4];
measure q[0] -> meas[0];
measure q[1] -> meas[1];
measure q[2] -> meas[2];
measure q[3] -> meas[3];
measure q[4] -> meas[4];","{""11011"": 25, ""01100"": 66, ""00011"": 1, ""00111"": 49, ""00100"": 104, ""01111"": 30, ""11000"": 77, ""10000"": 94, ""01110"": 30, ""11010"": 39, ""10001"": 120, ""10010"": 45, ""11001"": 59, ""00101"": 123, ""01101"": 64, ""00110"": 50, ""10011"": 39, ""10110"": 1, ""00001"": 1, ""00010"": 1, ""01010"": 1, ""11101"": 2, ""11100"": 2, ""10101"": 1}",{},circuit_images\circuit_044.png
45,"OPENQASM 2.0;
include ""qelib1.inc"";
gate mcx q0,q1,q2,q3,q4 { h q4; cp(pi/2) q3,q4; h q4; h q3; t q3; cx q2,q3; tdg q3; h q3; cx q0,q3; t q3; cx q1,q3; tdg q3; cx q0,q3; t q3; cx q1,q3; tdg q3; h q3; t q3; cx q2,q3; tdg q3; h q3; h q4; cp(-pi/2) q3,q4; h q4; h q3; t q3; cx q2,q3; tdg q3; h q3; t q3; cx q1,q3; tdg q3; cx q0,q3; t q3; cx q1,q3; tdg q3; cx q0,q3; h q3; t q3; cx q2,q3; tdg q3; h q3; h q4; cp(pi/8) q0,q4; h q4; cx q0,q1; h q4; cp(-pi/8) q1,q4; h q4; cx q0,q1; h q4; cp(pi/8) q1,q4; h q4; cx q1,q2; h q4; cp(-pi/8) q2,q4; h q4; cx q0,q2; h q4; cp(pi/8) q2,q4; h q4; cx q1,q2; h q4; cp(-pi/8) q2,q4; h q4; cx q0,q2; h q4; cp(pi/8) q2,q4; h q4; }
qreg q[5];
creg meas[5];
ccx q[1],q[2],q[3];
cx q[0],q[4];
barrier q[0],q[1],q[2],q[3],q[4];
cx q[1],q[3];
ry(4.511619715981524) q[2];
rz(2.8212132865991073) q[4];
rz(5.7098926627618685) q[0];
barrier q[0],q[1],q[2],q[3],q[4];
rx(6.193435375836577) q[2];
rz(4.159631851297513) q[0];
cx q[1],q[3];
rz(4.392428773469881) q[4];
barrier q[0],q[1],q[2],q[3],q[4];
ry(4.730776674282495) q[0];
rz(2.161244807717522) q[3];
cx q[1],q[4];
rx(3.673988597822526) q[2];
barrier q[0],q[1],q[2],q[3],q[4];
mcx q[0],q[1],q[2],q[3],q[4];
barrier q[0],q[1],q[2],q[3],q[4];
mcx q[0],q[1],q[2],q[3],q[4];
barrier q[0],q[1],q[2],q[3],q[4];
ccx q[2],q[3],q[4];
rz(6.223339770518373) q[1];
barrier q[0],q[1],q[2],q[3],q[4];
rx(4.2912891927054675) q[0];
rx(6.047214559818783) q[1];
rx(3.9627854790669765) q[3];
rx(6.250881160364405) q[2];
rz(4.110783141680222) q[4];
barrier q[0],q[1],q[2],q[3],q[4];
rz(3.822179418911629) q[4];
rx(1.463932812735914) q[3];
rz(3.6262092679972593) q[1];
cx q[0],q[2];
barrier q[0],q[1],q[2],q[3],q[4];
rx(0.07975613226388502) q[0];
rx(5.696923413202639) q[2];
ry(4.366788311753183) q[3];
cx q[1],q[4];
barrier q[0],q[1],q[2],q[3],q[4];
ccx q[0],q[3],q[4];
rz(4.659041796554106) q[1];
ry(1.732205938993039) q[2];
barrier q[0],q[1],q[2],q[3],q[4];
barrier q[0],q[1],q[2],q[3],q[4];
measure q[0] -> meas[0];
measure q[1] -> meas[1];
measure q[2] -> meas[2];
measure q[3] -> meas[3];
measure q[4] -> meas[4];","{""11001"": 299, ""00000"": 191, ""01000"": 292, ""00001"": 217, ""10010"": 3, ""01100"": 6, ""00100"": 8, ""10011"": 1, ""11010"": 2, ""01011"": 5}",{},circuit_images\circuit_045.png
46,"OPENQASM 2.0;
include ""qelib1.inc"";
gate mcx q0,q1,q2,q3 { h q3; p(pi/8) q0; p(pi/8) q1; p(pi/8) q2; p(pi/8) q3; cx q0,q1; p(-pi/8) q1; cx q0,q1; cx q1,q2; p(-pi/8) q2; cx q0,q2; p(pi/8) q2; cx q1,q2; p(-pi/8) q2; cx q0,q2; cx q2,q3; p(-pi/8) q3; cx q1,q3; p(pi/8) q3; cx q2,q3; p(-pi/8) q3; cx q0,q3; p(pi/8) q3; cx q2,q3; p(-pi/8) q3; cx q1,q3; p(pi/8) q3; cx q2,q3; p(-pi/8) q3; cx q0,q3; h q3; }
qreg q[5];
creg meas[5];
rx(1.1055227882757708) q[1];
rz(4.027906346657962) q[3];
ry(3.6750704267314376) q[2];
rx(4.986022226691251) q[4];
rz(1.0888501274115112) q[0];
barrier q[0],q[1],q[2],q[3],q[4];
cx q[2],q[3];
cx q[0],q[1];
ry(5.1385013512544635) q[4];
barrier q[0],q[1],q[2],q[3],q[4];
ccx q[0],q[1],q[2];
cx q[3],q[4];
barrier q[0],q[1],q[2],q[3],q[4];
rx(3.6247672117218834) q[3];
rz(5.336095509378515) q[0];
cx q[1],q[4];
barrier q[0],q[1],q[2],q[3],q[4];
rz(4.087662333466024) q[0];
rz(4.690446357897421) q[3];
cx q[2],q[4];
barrier q[0],q[1],q[2],q[3],q[4];
rx(0.03604485696099206) q[2];
rx(4.616512133381365) q[1];
barrier q[0],q[1],q[2],q[3],q[4];
rz(1.8421353208741176) q[3];
rz(4.34063827432667) q[4];
cx q[0],q[2];
barrier q[0],q[1],q[2],q[3],q[4];
cx q[3],q[4];
barrier q[0],q[1],q[2],q[3],q[4];
rx(5.986175056738853) q[3];
cx q[2],q[4];
cx q[0],q[1];
barrier q[0],q[1],q[2],q[3],q[4];
rx(3.295892760004922) q[2];
rz(5.595001686444303) q[4];
cx q[0],q[3];
rz(3.9035045458816984) q[1];
barrier q[0],q[1],q[2],q[3],q[4];
rz(2.0396570100703095) q[2];
rz(5.587944699772657) q[1];
ry(1.3866296217939107) q[0];
rz(6.053250033280483) q[4];
barrier q[0],q[1],q[2],q[3],q[4];
cx q[2],q[4];
rx(3.7417799350263157) q[0];
cx q[1],q[3];
barrier q[0],q[1],q[2],q[3],q[4];
cx q[3],q[4];
rx(3.5636899594848885) q[2];
cx q[0],q[1];
barrier q[0],q[1],q[2],q[3],q[4];
mcx q[1],q[2],q[3],q[4];
rz(1.0914008631886412) q[0];
barrier q[0],q[1],q[2],q[3],q[4];
barrier q[0],q[1],q[2],q[3],q[4];
measure q[0] -> meas[0];
measure q[1] -> meas[1];
measure q[2] -> meas[2];
measure q[3] -> meas[3];
measure q[4] -> meas[4];","{""00100"": 72, ""10101"": 11, ""11110"": 117, ""01101"": 182, ""10100"": 77, ""01110"": 107, ""11101"": 141, ""10111"": 79, ""10000"": 10, ""00111"": 80, ""11010"": 18, ""11100"": 3, ""10001"": 16, ""01111"": 7, ""00001"": 17, ""11011"": 10, ""01001"": 4, ""11001"": 12, ""01100"": 6, ""01010"": 3, ""00010"": 8, ""00110"": 3, ""01000"": 2, ""10011"": 8, ""11111"": 9, ""11000"": 5, ""00011"": 1, ""01011"": 6, ""00101"": 1, ""10110"": 5, ""10010"": 4}",{},circuit_images\circuit_046.png
47,"OPENQASM 2.0;
include ""qelib1.inc"";
gate mcx q0,q1,q2,q3 { h q3; p(pi/8) q0; p(pi/8) q1; p(pi/8) q2; p(pi/8) q3; cx q0,q1; p(-pi/8) q1; cx q0,q1; cx q1,q2; p(-pi/8) q2; cx q0,q2; p(pi/8) q2; cx q1,q2; p(-pi/8) q2; cx q0,q2; cx q2,q3; p(-pi/8) q3; cx q1,q3; p(pi/8) q3; cx q2,q3; p(-pi/8) q3; cx q0,q3; p(pi/8) q3; cx q2,q3; p(-pi/8) q3; cx q1,q3; p(pi/8) q3; cx q2,q3; p(-pi/8) q3; cx q0,q3; h q3; }
qreg q[5];
creg meas[5];
cx q[1],q[3];
rx(4.577789522418174) q[4];
barrier q[0],q[1],q[2],q[3],q[4];
mcx q[0],q[2],q[3],q[4];
rz(2.4206389350853983) q[1];
barrier q[0],q[1],q[2],q[3],q[4];
rx(2.736279310362709) q[4];
cx q[2],q[3];
ry(1.3727988940914209) q[1];
barrier q[0],q[1],q[2],q[3],q[4];
ry(3.32435327721652) q[4];
ry(5.876020212325916) q[1];
cx q[0],q[3];
ry(0.5258263865082756) q[2];
barrier q[0],q[1],q[2],q[3],q[4];
ry(1.7441906332961594) q[0];
rx(3.724258493425045) q[4];
ry(6.115818579572627) q[1];
cx q[2],q[3];
barrier q[0],q[1],q[2],q[3],q[4];
ccx q[0],q[1],q[4];
cx q[2],q[3];
barrier q[0],q[1],q[2],q[3],q[4];
rx(4.355742600101601) q[1];
rz(0.5995046100449279) q[0];
rz(5.197137436852643) q[2];
ry(1.6173695885986126) q[4];
barrier q[0],q[1],q[2],q[3],q[4];
rz(4.881624051794375) q[4];
ccx q[0],q[1],q[3];
ry(3.508868799199433) q[2];
barrier q[0],q[1],q[2],q[3],q[4];
cx q[0],q[4];
rx(4.351276526668384) q[2];
rz(2.4392954385572296) q[3];
barrier q[0],q[1],q[2],q[3],q[4];
rx(4.908742896242632) q[0];
cx q[2],q[4];
barrier q[0],q[1],q[2],q[3],q[4];
rx(2.0649407045331514) q[0];
rx(5.63948439718475) q[3];
ry(4.798888304086819) q[4];
rx(5.816738547020317) q[1];
barrier q[0],q[1],q[2],q[3],q[4];
rx(1.756396034313978) q[3];
ry(2.075339169433324) q[0];
ry(4.665530644801169) q[2];
barrier q[0],q[1],q[2],q[3],q[4];
rz(1.781919873929342) q[0];
cx q[1],q[2];
ry(3.71193860811987) q[4];
rz(4.08396869411187) q[3];
barrier q[0],q[1],q[2],q[3],q[4];
barrier q[0],q[1],q[2],q[3],q[4];
measure q[0] -> meas[0];
measure q[1] -> meas[1];
measure q[2] -> meas[2];
measure q[3] -> meas[3];
measure q[4] -> meas[4];","{""10100"": 28, ""11101"": 71, ""00111"": 24, ""10011"": 158, ""01011"": 41, ""10010"": 28, ""11011"": 52, ""00110"": 39, ""01111"": 55, ""11100"": 25, ""01110"": 37, ""10101"": 109, ""01010"": 23, ""10111"": 53, ""11110"": 49, ""10001"": 19, ""00010"": 33, ""11010"": 77, ""11001"": 16, ""10110"": 12, ""00001"": 21, ""10000"": 7, ""11000"": 10, ""00000"": 3, ""11111"": 4, ""00100"": 5, ""00101"": 11, ""01101"": 5, ""01001"": 4, ""01100"": 3, ""01000"": 1, ""00011"": 1}",{},circuit_images\circuit_047.png
48,"OPENQASM 2.0;
include ""qelib1.inc"";
gate mcx q0,q1,q2,q3 { h q3; p(pi/8) q0; p(pi/8) q1; p(pi/8) q2; p(pi/8) q3; cx q0,q1; p(-pi/8) q1; cx q0,q1; cx q1,q2; p(-pi/8) q2; cx q0,q2; p(pi/8) q2; cx q1,q2; p(-pi/8) q2; cx q0,q2; cx q2,q3; p(-pi/8) q3; cx q1,q3; p(pi/8) q3; cx q2,q3; p(-pi/8) q3; cx q0,q3; p(pi/8) q3; cx q2,q3; p(-pi/8) q3; cx q1,q3; p(pi/8) q3; cx q2,q3; p(-pi/8) q3; cx q0,q3; h q3; }
qreg q[5];
creg meas[5];
ccx q[0],q[2],q[4];
barrier q[0],q[1],q[2],q[3],q[4];
mcx q[1],q[2],q[3],q[4];
rz(5.145450427519065) q[0];
barrier q[0],q[1],q[2],q[3],q[4];
rz(1.6282007079973317) q[1];
rx(3.546932830559677) q[2];
barrier q[0],q[1],q[2],q[3],q[4];
cx q[0],q[1];
rz(0.19765638841913577) q[3];
rz(0.28884054107217566) q[4];
barrier q[0],q[1],q[2],q[3],q[4];
cx q[0],q[4];
cx q[2],q[3];
barrier q[0],q[1],q[2],q[3],q[4];
mcx q[0],q[2],q[3],q[4];
ry(6.036625648968575) q[1];
barrier q[0],q[1],q[2],q[3],q[4];
cx q[1],q[3];
barrier q[0],q[1],q[2],q[3],q[4];
rx(5.584266271099176) q[2];
cx q[0],q[1];
rx(1.6645412435335978) q[3];
rx(5.424612361742856) q[4];
barrier q[0],q[1],q[2],q[3],q[4];
cx q[0],q[3];
rz(5.4969843112168215) q[2];
barrier q[0],q[1],q[2],q[3],q[4];
ry(2.774029911606869) q[1];
rz(0.31614916896497186) q[2];
cx q[0],q[4];
rz(5.001185535398782) q[3];
barrier q[0],q[1],q[2],q[3],q[4];
rx(1.7825404838684757) q[2];
rx(4.6901377206192425) q[4];
rx(3.3157263967217445) q[3];
ry(1.8000253390595895) q[0];
ry(4.09732414248707) q[1];
barrier q[0],q[1],q[2],q[3],q[4];
mcx q[0],q[1],q[2],q[3];
barrier q[0],q[1],q[2],q[3],q[4];
ccx q[0],q[2],q[4];
barrier q[0],q[1],q[2],q[3],q[4];
barrier q[0],q[1],q[2],q[3],q[4];
measure q[0] -> meas[0];
measure q[1] -> meas[1];
measure q[2] -> meas[2];
measure q[3] -> meas[3];
measure q[4] -> meas[4];","{""11011"": 7, ""01100"": 18, ""10101"": 16, ""01101"": 218, ""00001"": 16, ""11100"": 136, ""00111"": 28, ""00101"": 123, ""11101"": 33, ""10001"": 93, ""11000"": 40, ""10000"": 66, ""11001"": 58, ""10011"": 6, ""10100"": 74, ""01111"": 21, ""11110"": 22, ""10110"": 9, ""01000"": 5, ""01001"": 6, ""00100"": 5, ""10010"": 8, ""00000"": 6, ""10111"": 2, ""01110"": 3, ""11010"": 2, ""11111"": 2, ""00010"": 1}",{},circuit_images\circuit_048.png
49,"OPENQASM 2.0;
include ""qelib1.inc"";
gate mcx q0,q1,q2,q3 { h q3; p(pi/8) q0; p(pi/8) q1; p(pi/8) q2; p(pi/8) q3; cx q0,q1; p(-pi/8) q1; cx q0,q1; cx q1,q2; p(-pi/8) q2; cx q0,q2; p(pi/8) q2; cx q1,q2; p(-pi/8) q2; cx q0,q2; cx q2,q3; p(-pi/8) q3; cx q1,q3; p(pi/8) q3; cx q2,q3; p(-pi/8) q3; cx q0,q3; p(pi/8) q3; cx q2,q3; p(-pi/8) q3; cx q1,q3; p(pi/8) q3; cx q2,q3; p(-pi/8) q3; cx q0,q3; h q3; }
qreg q[5];
creg meas[5];
ry(1.6227278806935064) q[4];
mcx q[0],q[1],q[2],q[3];
barrier q[0],q[1],q[2],q[3],q[4];
rz(1.6362150523210608) q[3];
rx(2.112971826030476) q[1];
ry(5.9651671831320785) q[0];
cx q[2],q[4];
barrier q[0],q[1],q[2],q[3],q[4];
cx q[2],q[4];
rx(2.697757620087697) q[1];
rz(6.116502694885064) q[0];
ry(5.627877772258767) q[3];
barrier q[0],q[1],q[2],q[3],q[4];
ry(4.606390162538697) q[2];
rx(4.732886092105678) q[4];
ccx q[0],q[1],q[3];
barrier q[0],q[1],q[2],q[3],q[4];
rz(3.6377075474519254) q[0];
barrier q[0],q[1],q[2],q[3],q[4];
rz(1.3739998128663107) q[1];
rx(4.095908038910676) q[3];
rz(0.24656576923622794) q[2];
cx q[0],q[4];
barrier q[0],q[1],q[2],q[3],q[4];
barrier q[0],q[1],q[2],q[3],q[4];
measure q[0] -> meas[0];
measure q[1] -> meas[1];
measure q[2] -> meas[2];
measure q[3] -> meas[3];
measure q[4] -> meas[4];","{""11110"": 92, ""01100"": 119, ""01110"": 87, ""10100"": 45, ""01000"": 81, ""11010"": 75, ""11100"": 90, ""11000"": 80, ""00010"": 42, ""10110"": 28, ""01010"": 63, ""00000"": 38, ""00100"": 53, ""10000"": 30, ""10010"": 34, ""11001"": 2, ""00110"": 37, ""00111"": 4, ""01111"": 3, ""01101"": 3, ""00011"": 2, ""11101"": 3, ""11011"": 2, ""10111"": 3, ""01001"": 4, ""01011"": 1, ""00001"": 1, ""00101"": 1, ""11111"": 1}",{},circuit_images\circuit_049.png
50,"OPENQASM 2.0;
include ""qelib1.inc"";
gate mcx q0,q1,q2,q3 { h q3; p(pi/8) q0; p(pi/8) q1; p(pi/8) q2; p(pi/8) q3; cx q0,q1; p(-pi/8) q1; cx q0,q1; cx q1,q2; p(-pi/8) q2; cx q0,q2; p(pi/8) q2; cx q1,q2; p(-pi/8) q2; cx q0,q2; cx q2,q3; p(-pi/8) q3; cx q1,q3; p(pi/8) q3; cx q2,q3; p(-pi/8) q3; cx q0,q3; p(pi/8) q3; cx q2,q3; p(-pi/8) q3; cx q1,q3; p(pi/8) q3; cx q2,q3; p(-pi/8) q3; cx q0,q3; h q3; }
qreg q[5];
creg meas[5];
rx(2.7383402809978974) q[3];
cx q[0],q[4];
rz(1.3088623449013526) q[1];
rz(0.6733296523538825) q[2];
barrier q[0],q[1],q[2],q[3],q[4];
ry(1.587327195997421) q[2];
rx(0.19346983811931173) q[0];
ry(2.1186474427734026) q[1];
rz(3.258536472520895) q[3];
barrier q[0],q[1],q[2],q[3],q[4];
rx(4.680998923271912) q[3];
rx(1.7729734905621766) q[4];
rx(5.168457774706279) q[1];
rz(2.350748691256223) q[0];
rz(3.037413613037514) q[2];
barrier q[0],q[1],q[2],q[3],q[4];
rz(3.039017742950218) q[0];
ccx q[1],q[2],q[4];
barrier q[0],q[1],q[2],q[3],q[4];
rz(0.8951158792691309) q[2];
rz(2.4816069103993206) q[3];
rx(2.593997017379509) q[1];
barrier q[0],q[1],q[2],q[3],q[4];
rx(1.9535311862388722) q[3];
ry(1.753428010889221) q[0];
rx(1.8433218564783385) q[1];
cx q[2],q[4];
barrier q[0],q[1],q[2],q[3],q[4];
rz(3.3327431598891883) q[3];
mcx q[0],q[1],q[2],q[4];
barrier q[0],q[1],q[2],q[3],q[4];
rx(1.7674404562013966) q[4];
cx q[2],q[3];
barrier q[0],q[1],q[2],q[3],q[4];
rx(1.4539259966934086) q[2];
cx q[0],q[1];
barrier q[0],q[1],q[2],q[3],q[4];
barrier q[0],q[1],q[2],q[3],q[4];
measure q[0] -> meas[0];
measure q[1] -> meas[1];
measure q[2] -> meas[2];
measure q[3] -> meas[3];
measure q[4] -> meas[4];","{""10000"": 123, ""11011"": 74, ""01100"": 21, ""00000"": 13, ""10011"": 120, ""01110"": 26, ""10100"": 45, ""11110"": 51, ""10001"": 43, ""01000"": 27, ""11001"": 41, ""01011"": 32, ""00001"": 15, ""11100"": 27, ""10010"": 38, ""11010"": 19, ""01001"": 42, ""10111"": 50, ""01101"": 29, ""10101"": 14, ""11000"": 68, ""10110"": 21, ""11101"": 5, ""01111"": 22, ""00110"": 8, ""00011"": 7, ""01010"": 20, ""11111"": 22, ""00101"": 1}",{},circuit_images\circuit_050.png
51,"OPENQASM 2.0;
include ""qelib1.inc"";
gate mcx q0,q1,q2,q3,q4 { h q4; cp(pi/2) q3,q4; h q4; h q3; t q3; cx q2,q3; tdg q3; h q3; cx q0,q3; t q3; cx q1,q3; tdg q3; cx q0,q3; t q3; cx q1,q3; tdg q3; h q3; t q3; cx q2,q3; tdg q3; h q3; h q4; cp(-pi/2) q3,q4; h q4; h q3; t q3; cx q2,q3; tdg q3; h q3; t q3; cx q1,q3; tdg q3; cx q0,q3; t q3; cx q1,q3; tdg q3; cx q0,q3; h q3; t q3; cx q2,q3; tdg q3; h q3; h q4; cp(pi/8) q0,q4; h q4; cx q0,q1; h q4; cp(-pi/8) q1,q4; h q4; cx q0,q1; h q4; cp(pi/8) q1,q4; h q4; cx q1,q2; h q4; cp(-pi/8) q2,q4; h q4; cx q0,q2; h q4; cp(pi/8) q2,q4; h q4; cx q1,q2; h q4; cp(-pi/8) q2,q4; h q4; cx q0,q2; h q4; cp(pi/8) q2,q4; h q4; }
qreg q[5];
creg meas[5];
rx(3.32268835947408) q[4];
rz(4.135026163451382) q[3];
barrier q[0],q[1],q[2],q[3],q[4];
ry(4.710305829284057) q[2];
ccx q[1],q[3],q[4];
barrier q[0],q[1],q[2],q[3],q[4];
rz(2.4566048474176085) q[1];
cx q[2],q[3];
barrier q[0],q[1],q[2],q[3],q[4];
cx q[0],q[4];
rx(2.3750969058314557) q[1];
rx(0.9408928527115781) q[2];
rz(3.4237667759218553) q[3];
barrier q[0],q[1],q[2],q[3],q[4];
cx q[0],q[1];
ry(1.1783874321884775) q[4];
ry(3.5377569349305884) q[3];
barrier q[0],q[1],q[2],q[3],q[4];
mcx q[0],q[1],q[2],q[3],q[4];
barrier q[0],q[1],q[2],q[3],q[4];
barrier q[0],q[1],q[2],q[3],q[4];
measure q[0] -> meas[0];
measure q[1] -> meas[1];
measure q[2] -> meas[2];
measure q[3] -> meas[3];
measure q[4] -> meas[4];","{""10110"": 228, ""11010"": 215, ""10100"": 33, ""00110"": 107, ""11000"": 42, ""01010"": 102, ""10010"": 76, ""11110"": 81, ""01100"": 10, ""00100"": 22, ""11100"": 14, ""00010"": 39, ""01110"": 35, ""10000"": 7, ""01000"": 13}",{},circuit_images\circuit_051.png
52,"OPENQASM 2.0;
include ""qelib1.inc"";
qreg q[5];
creg meas[5];
cx q[0],q[2];
ccx q[1],q[3],q[4];
barrier q[0],q[1],q[2],q[3],q[4];
rx(1.6883330801855336) q[1];
ccx q[0],q[2],q[4];
barrier q[0],q[1],q[2],q[3],q[4];
rx(1.825546119660465) q[2];
cx q[0],q[4];
ry(1.5750895221818593) q[1];
rx(0.8772866523995897) q[3];
barrier q[0],q[1],q[2],q[3],q[4];
rx(0.602821457181799) q[1];
ry(3.597608691038963) q[2];
rz(5.452069662565352) q[0];
rx(1.5528303511483905) q[4];
rz(3.513967317980127) q[3];
barrier q[0],q[1],q[2],q[3],q[4];
ccx q[1],q[2],q[3];
ry(2.3235717005459984) q[4];
rx(5.592335651957234) q[0];
barrier q[0],q[1],q[2],q[3],q[4];
rz(1.592219088604793) q[3];
rz(5.952657191188541) q[0];
cx q[2],q[4];
barrier q[0],q[1],q[2],q[3],q[4];
cx q[0],q[4];
rz(1.4901517209856345) q[1];
barrier q[0],q[1],q[2],q[3],q[4];
cx q[0],q[3];
barrier q[0],q[1],q[2],q[3],q[4];
ry(1.203101306832178) q[4];
rz(5.2479303355245355) q[2];
cx q[0],q[3];
barrier q[0],q[1],q[2],q[3],q[4];
ry(5.6216566507137165) q[0];
cx q[2],q[4];
barrier q[0],q[1],q[2],q[3],q[4];
cx q[2],q[4];
rx(5.003102925262528) q[1];
rz(3.58525423688825) q[3];
rx(4.881840665816305) q[0];
barrier q[0],q[1],q[2],q[3],q[4];
cx q[0],q[2];
rz(2.841307657558932) q[3];
barrier q[0],q[1],q[2],q[3],q[4];
rx(0.12376986010556994) q[3];
ry(3.8049345005449005) q[2];
rz(5.613351925505688) q[1];
barrier q[0],q[1],q[2],q[3],q[4];
cx q[0],q[3];
cx q[2],q[4];
rx(3.5030456587933863) q[1];
barrier q[0],q[1],q[2],q[3],q[4];
rz(1.1079607285971602) q[4];
rx(3.767427591177413) q[3];
rz(4.125144287236332) q[2];
barrier q[0],q[1],q[2],q[3],q[4];
barrier q[0],q[1],q[2],q[3],q[4];
measure q[0] -> meas[0];
measure q[1] -> meas[1];
measure q[2] -> meas[2];
measure q[3] -> meas[3];
measure q[4] -> meas[4];","{""10011"": 33, ""11100"": 116, ""10010"": 11, ""11011"": 13, ""10110"": 20, ""00111"": 22, ""11001"": 86, ""10001"": 86, ""11110"": 40, ""00101"": 31, ""01101"": 35, ""01010"": 19, ""01000"": 43, ""01001"": 15, ""01111"": 64, ""11000"": 35, ""00000"": 35, ""10101"": 18, ""01100"": 23, ""11101"": 10, ""00100"": 12, ""00010"": 65, ""11111"": 8, ""10100"": 86, ""10000"": 29, ""00110"": 15, ""01011"": 8, ""10111"": 1, ""00001"": 14, ""01110"": 23, ""00011"": 8}",{},circuit_images\circuit_052.png
53,"OPENQASM 2.0;
include ""qelib1.inc"";
qreg q[5];
creg meas[5];
ccx q[2],q[3],q[4];
cx q[0],q[1];
barrier q[0],q[1],q[2],q[3],q[4];
ccx q[0],q[1],q[2];
cx q[3],q[4];
barrier q[0],q[1],q[2],q[3],q[4];
cx q[0],q[3];
rz(1.5180196019477086) q[2];
rx(5.102506283962936) q[1];
barrier q[0],q[1],q[2],q[3],q[4];
cx q[0],q[3];
rz(3.3832609385193746) q[1];
cx q[2],q[4];
barrier q[0],q[1],q[2],q[3],q[4];
rx(1.9986685650186147) q[2];
cx q[1],q[3];
ry(5.921275084946417) q[0];
barrier q[0],q[1],q[2],q[3],q[4];
ry(5.080677311582537) q[2];
rz(5.057635989353951) q[0];
cx q[1],q[4];
rz(3.468528283128121) q[3];
barrier q[0],q[1],q[2],q[3],q[4];
rx(3.7880734288616273) q[3];
rz(2.3038500879601975) q[2];
rx(1.754260262925508) q[4];
rx(5.049351063636662) q[1];
rz(5.739185502306169) q[0];
barrier q[0],q[1],q[2],q[3],q[4];
barrier q[0],q[1],q[2],q[3],q[4];
measure q[0] -> meas[0];
measure q[1] -> meas[1];
measure q[2] -> meas[2];
measure q[3] -> meas[3];
measure q[4] -> meas[4];","{""00010"": 84, ""00110"": 91, ""01100"": 137, ""11011"": 4, ""10000"": 44, ""11000"": 84, ""11010"": 83, ""00100"": 17, ""11110"": 95, ""01000"": 102, ""11100"": 129, ""10100"": 53, ""10010"": 20, ""10110"": 21, ""01010"": 11, ""01110"": 15, ""11101"": 8, ""10101"": 1, ""10011"": 2, ""11001"": 5, ""00000"": 7, ""01001"": 2, ""00011"": 2, ""00111"": 4, ""01111"": 1, ""01011"": 2}",{},circuit_images\circuit_053.png
54,"OPENQASM 2.0;
include ""qelib1.inc"";
gate mcx q0,q1,q2,q3,q4 { h q4; cp(pi/2) q3,q4; h q4; h q3; t q3; cx q2,q3; tdg q3; h q3; cx q0,q3; t q3; cx q1,q3; tdg q3; cx q0,q3; t q3; cx q1,q3; tdg q3; h q3; t q3; cx q2,q3; tdg q3; h q3; h q4; cp(-pi/2) q3,q4; h q4; h q3; t q3; cx q2,q3; tdg q3; h q3; t q3; cx q1,q3; tdg q3; cx q0,q3; t q3; cx q1,q3; tdg q3; cx q0,q3; h q3; t q3; cx q2,q3; tdg q3; h q3; h q4; cp(pi/8) q0,q4; h q4; cx q0,q1; h q4; cp(-pi/8) q1,q4; h q4; cx q0,q1; h q4; cp(pi/8) q1,q4; h q4; cx q1,q2; h q4; cp(-pi/8) q2,q4; h q4; cx q0,q2; h q4; cp(pi/8) q2,q4; h q4; cx q1,q2; h q4; cp(-pi/8) q2,q4; h q4; cx q0,q2; h q4; cp(pi/8) q2,q4; h q4; }
qreg q[5];
creg meas[5];
ry(2.7449532815558) q[1];
barrier q[0],q[1],q[2],q[3],q[4];
rz(0.3661338596552016) q[3];
rx(3.463234169611008) q[4];
ry(1.8830699609574537) q[0];
cx q[1],q[2];
barrier q[0],q[1],q[2],q[3],q[4];
cx q[0],q[3];
ry(2.4973723043246836) q[4];
rz(5.013878686717382) q[2];
ry(5.675887321769406) q[1];
barrier q[0],q[1],q[2],q[3],q[4];
mcx q[0],q[1],q[2],q[3],q[4];
barrier q[0],q[1],q[2],q[3],q[4];
ry(4.8449019756616885) q[0];
rz(1.160338219109808) q[2];
rz(5.077566444626885) q[3];
rx(1.9996433521274892) q[4];
barrier q[0],q[1],q[2],q[3],q[4];
mcx q[0],q[1],q[2],q[3],q[4];
barrier q[0],q[1],q[2],q[3],q[4];
rx(0.33726285571342424) q[1];
ry(1.764290957615953) q[4];
rz(1.2031770864880325) q[0];
barrier q[0],q[1],q[2],q[3],q[4];
rx(5.835070389023427) q[0];
rz(0.26630193465373025) q[1];
ccx q[2],q[3],q[4];
barrier q[0],q[1],q[2],q[3],q[4];
cx q[1],q[2];
ry(3.267703804301304) q[4];
rz(6.2257692246960925) q[0];
barrier q[0],q[1],q[2],q[3],q[4];
barrier q[0],q[1],q[2],q[3],q[4];
measure q[0] -> meas[0];
measure q[1] -> meas[1];
measure q[2] -> meas[2];
measure q[3] -> meas[3];
measure q[4] -> meas[4];","{""00011"": 23, ""10010"": 172, ""11011"": 87, ""01010"": 282, ""01101"": 35, ""01011"": 177, ""00101"": 5, ""10100"": 19, ""10011"": 65, ""01100"": 18, ""00010"": 47, ""10001"": 3, ""11010"": 38, ""11101"": 14, ""11001"": 11, ""11111"": 3, ""01001"": 4, ""10101"": 4, ""00001"": 1, ""00100"": 6, ""10000"": 5, ""00000"": 2, ""11100"": 1, ""11000"": 2}",{},circuit_images\circuit_054.png
55,"OPENQASM 2.0;
include ""qelib1.inc"";
gate mcx q0,q1,q2,q3 { h q3; p(pi/8) q0; p(pi/8) q1; p(pi/8) q2; p(pi/8) q3; cx q0,q1; p(-pi/8) q1; cx q0,q1; cx q1,q2; p(-pi/8) q2; cx q0,q2; p(pi/8) q2; cx q1,q2; p(-pi/8) q2; cx q0,q2; cx q2,q3; p(-pi/8) q3; cx q1,q3; p(pi/8) q3; cx q2,q3; p(-pi/8) q3; cx q0,q3; p(pi/8) q3; cx q2,q3; p(-pi/8) q3; cx q1,q3; p(pi/8) q3; cx q2,q3; p(-pi/8) q3; cx q0,q3; h q3; }
qreg q[5];
creg meas[5];
mcx q[0],q[1],q[2],q[3];
rz(0.659916205569397) q[4];
barrier q[0],q[1],q[2],q[3],q[4];
mcx q[0],q[1],q[3],q[4];
barrier q[0],q[1],q[2],q[3],q[4];
cx q[0],q[1];
ry(1.128730999063654) q[3];
ry(1.7330054171587268) q[2];
rz(3.6500657084376344) q[4];
barrier q[0],q[1],q[2],q[3],q[4];
ry(3.583833052862248) q[3];
rx(0.7645999004479164) q[2];
rx(5.75534975101585) q[1];
ry(5.712771742365196) q[4];
rx(0.5089554177031976) q[0];
barrier q[0],q[1],q[2],q[3],q[4];
rz(3.984230361231568) q[4];
ry(5.244967631507796) q[3];
ry(2.3992276221202626) q[0];
cx q[1],q[2];
barrier q[0],q[1],q[2],q[3],q[4];
rx(0.5200005225881416) q[0];
rx(4.934686600136345) q[2];
barrier q[0],q[1],q[2],q[3],q[4];
rz(5.395087359998658) q[3];
ry(3.0576542739381036) q[2];
rx(1.878476322748534) q[4];
cx q[0],q[1];
barrier q[0],q[1],q[2],q[3],q[4];
rz(0.5174972721620879) q[1];
ry(1.3898465872722678) q[3];
rx(4.343299219450084) q[0];
ry(4.380692764829818) q[2];
barrier q[0],q[1],q[2],q[3],q[4];
ccx q[0],q[1],q[3];
rz(0.11092501213429216) q[4];
rz(1.4745970705774265) q[2];
barrier q[0],q[1],q[2],q[3],q[4];
ry(5.947728012262845) q[3];
rz(2.2010458947275016) q[0];
rz(2.5807301282172883) q[4];
rx(1.6200576001536995) q[2];
rz(5.7670963301615705) q[1];
barrier q[0],q[1],q[2],q[3],q[4];
rz(1.952188704361905) q[1];
rz(6.203820354388991) q[2];
rx(0.149170103045905) q[0];
rx(1.2023418817155547) q[3];
rx(2.1594869200672764) q[4];
barrier q[0],q[1],q[2],q[3],q[4];
rz(0.634523950351106) q[0];
rx(1.1422481424196649) q[3];
rz(6.057550391852542) q[4];
cx q[1],q[2];
barrier q[0],q[1],q[2],q[3],q[4];
cx q[1],q[4];
cx q[0],q[2];
rz(6.127457965685012) q[3];
barrier q[0],q[1],q[2],q[3],q[4];
barrier q[0],q[1],q[2],q[3],q[4];
measure q[0] -> meas[0];
measure q[1] -> meas[1];
measure q[2] -> meas[2];
measure q[3] -> meas[3];
measure q[4] -> meas[4];","{""10010"": 124, ""10110"": 252, ""11111"": 33, ""01011"": 11, ""10011"": 70, ""11010"": 55, ""00110"": 35, ""11110"": 133, ""11011"": 42, ""01101"": 28, ""00101"": 71, ""00001"": 33, ""10111"": 55, ""10101"": 8, ""11101"": 6, ""00111"": 6, ""10001"": 2, ""01110"": 16, ""00010"": 12, ""01001"": 5, ""00011"": 5, ""00000"": 3, ""01111"": 8, ""01000"": 2, ""01010"": 7, ""11001"": 2}",{},circuit_images\circuit_055.png
56,"OPENQASM 2.0;
include ""qelib1.inc"";
qreg q[5];
creg meas[5];
rx(3.8506522851574934) q[3];
rx(5.065227099652626) q[4];
cx q[0],q[2];
rx(5.5506540747182695) q[1];
barrier q[0],q[1],q[2],q[3],q[4];
rz(0.014913897061253005) q[1];
ccx q[0],q[2],q[3];
barrier q[0],q[1],q[2],q[3],q[4];
cx q[0],q[2];
cx q[1],q[3];
barrier q[0],q[1],q[2],q[3],q[4];
rx(1.3332982244288203) q[4];
cx q[0],q[3];
ry(5.5968639625473315) q[1];
ry(0.7676076518517505) q[2];
barrier q[0],q[1],q[2],q[3],q[4];
ry(1.4444943643279144) q[4];
cx q[1],q[3];
cx q[0],q[2];
barrier q[0],q[1],q[2],q[3],q[4];
cx q[2],q[4];
ccx q[0],q[1],q[3];
barrier q[0],q[1],q[2],q[3],q[4];
cx q[2],q[4];
cx q[0],q[1];
ry(1.8635497028256653) q[3];
barrier q[0],q[1],q[2],q[3],q[4];
rz(3.6841089722569613) q[4];
ry(2.45499508251169) q[0];
rx(6.067975133327631) q[2];
cx q[1],q[3];
barrier q[0],q[1],q[2],q[3],q[4];
barrier q[0],q[1],q[2],q[3],q[4];
measure q[0] -> meas[0];
measure q[1] -> meas[1];
measure q[2] -> meas[2];
measure q[3] -> meas[3];
measure q[4] -> meas[4];","{""01010"": 8, ""01001"": 134, ""00001"": 221, ""01111"": 4, ""10001"": 179, ""11001"": 98, ""00011"": 33, ""11011"": 49, ""10011"": 34, ""10101"": 23, ""10000"": 17, ""00110"": 3, ""01101"": 21, ""00101"": 32, ""01011"": 47, ""00000"": 25, ""11000"": 17, ""11010"": 8, ""10100"": 3, ""11101"": 14, ""00100"": 4, ""01000"": 19, ""00010"": 7, ""11111"": 8, ""00111"": 7, ""10111"": 3, ""01110"": 3, ""10010"": 1, ""01100"": 1, ""11100"": 1}",{},circuit_images\circuit_056.png
57,"OPENQASM 2.0;
include ""qelib1.inc"";
gate mcx q0,q1,q2,q3 { h q3; p(pi/8) q0; p(pi/8) q1; p(pi/8) q2; p(pi/8) q3; cx q0,q1; p(-pi/8) q1; cx q0,q1; cx q1,q2; p(-pi/8) q2; cx q0,q2; p(pi/8) q2; cx q1,q2; p(-pi/8) q2; cx q0,q2; cx q2,q3; p(-pi/8) q3; cx q1,q3; p(pi/8) q3; cx q2,q3; p(-pi/8) q3; cx q0,q3; p(pi/8) q3; cx q2,q3; p(-pi/8) q3; cx q1,q3; p(pi/8) q3; cx q2,q3; p(-pi/8) q3; cx q0,q3; h q3; }
qreg q[5];
creg meas[5];
cx q[0],q[3];
barrier q[0],q[1],q[2],q[3],q[4];
rx(6.162306548352919) q[3];
cx q[1],q[4];
barrier q[0],q[1],q[2],q[3],q[4];
rx(5.672804324406748) q[2];
rz(4.515018908367347) q[0];
rz(0.9339008266809062) q[1];
cx q[3],q[4];
barrier q[0],q[1],q[2],q[3],q[4];
rx(1.9121865464668586) q[3];
rz(6.2667395093111) q[2];
barrier q[0],q[1],q[2],q[3],q[4];
cx q[0],q[4];
rz(6.244879669562604) q[1];
cx q[2],q[3];
barrier q[0],q[1],q[2],q[3],q[4];
cx q[2],q[4];
ry(1.3109768155813104) q[0];
cx q[1],q[3];
barrier q[0],q[1],q[2],q[3],q[4];
mcx q[0],q[1],q[2],q[4];
rx(1.766399179047176) q[3];
barrier q[0],q[1],q[2],q[3],q[4];
cx q[2],q[4];
rz(0.10429514337684569) q[1];
rz(2.9133152341844157) q[3];
rz(0.1390455709405714) q[0];
barrier q[0],q[1],q[2],q[3],q[4];
cx q[1],q[4];
rx(2.9894792476333087) q[3];
rx(0.3775371048148436) q[2];
barrier q[0],q[1],q[2],q[3],q[4];
rz(3.987569776013995) q[4];
rx(1.3037148087879427) q[0];
ry(0.3763459888704386) q[2];
rz(6.197891893352024) q[3];
rz(1.4563846407818766) q[1];
barrier q[0],q[1],q[2],q[3],q[4];
cx q[1],q[4];
cx q[0],q[2];
barrier q[0],q[1],q[2],q[3],q[4];
rx(4.49275478525391) q[4];
ry(4.0709867194610085) q[2];
ccx q[0],q[1],q[3];
barrier q[0],q[1],q[2],q[3],q[4];
cx q[0],q[2];
rz(4.772842335781122) q[4];
ry(5.077724735045923) q[1];
rx(3.098025532292997) q[3];
barrier q[0],q[1],q[2],q[3],q[4];
barrier q[0],q[1],q[2],q[3],q[4];
measure q[0] -> meas[0];
measure q[1] -> meas[1];
measure q[2] -> meas[2];
measure q[3] -> meas[3];
measure q[4] -> meas[4];","{""10100"": 59, ""11101"": 117, ""01000"": 58, ""11100"": 102, ""11111"": 74, ""01101"": 88, ""01100"": 72, ""01010"": 27, ""01111"": 40, ""01110"": 32, ""11010"": 38, ""11000"": 110, ""00110"": 16, ""10101"": 15, ""11110"": 44, ""00100"": 28, ""01001"": 9, ""10110"": 19, ""00101"": 6, ""10001"": 20, ""00001"": 13, ""00011"": 5, ""00111"": 2, ""10111"": 10, ""10011"": 9, ""11011"": 1, ""11001"": 9, ""10010"": 1}",{},circuit_images\circuit_057.png
58,"OPENQASM 2.0;
include ""qelib1.inc"";
qreg q[5];
creg meas[5];
rx(2.683617943967705) q[4];
ry(5.4013668214244275) q[2];
ry(0.5507118423955827) q[1];
barrier q[0],q[1],q[2],q[3],q[4];
rz(3.505623403566818) q[4];
rx(0.958671227888201) q[2];
ry(3.3475023355424676) q[3];
ry(2.4601678916222705) q[1];
rz(5.102521331838515) q[0];
barrier q[0],q[1],q[2],q[3],q[4];
ccx q[2],q[3],q[4];
rz(3.320819143558684) q[1];
barrier q[0],q[1],q[2],q[3],q[4];
ry(5.64850273177366) q[3];
rz(3.0281235832167663) q[0];
cx q[1],q[4];
barrier q[0],q[1],q[2],q[3],q[4];
rz(5.875590267761109) q[3];
ry(4.997954943877273) q[0];
ry(2.3570687995472945) q[4];
barrier q[0],q[1],q[2],q[3],q[4];
barrier q[0],q[1],q[2],q[3],q[4];
measure q[0] -> meas[0];
measure q[1] -> meas[1];
measure q[2] -> meas[2];
measure q[3] -> meas[3];
measure q[4] -> meas[4];","{""10010"": 21, ""11011"": 197, ""01110"": 152, ""11010"": 311, ""01001"": 1, ""01010"": 93, ""00010"": 9, ""01111"": 84, ""00110"": 29, ""10011"": 6, ""01011"": 51, ""11110"": 30, ""11101"": 1, ""00111"": 14, ""01000"": 5, ""00011"": 3, ""11111"": 13, ""11100"": 2, ""11000"": 1, ""10110"": 1}",{},circuit_images\circuit_058.png
59,"OPENQASM 2.0;
include ""qelib1.inc"";
gate mcx q0,q1,q2,q3 { h q3; p(pi/8) q0; p(pi/8) q1; p(pi/8) q2; p(pi/8) q3; cx q0,q1; p(-pi/8) q1; cx q0,q1; cx q1,q2; p(-pi/8) q2; cx q0,q2; p(pi/8) q2; cx q1,q2; p(-pi/8) q2; cx q0,q2; cx q2,q3; p(-pi/8) q3; cx q1,q3; p(pi/8) q3; cx q2,q3; p(-pi/8) q3; cx q0,q3; p(pi/8) q3; cx q2,q3; p(-pi/8) q3; cx q1,q3; p(pi/8) q3; cx q2,q3; p(-pi/8) q3; cx q0,q3; h q3; }
qreg q[5];
creg meas[5];
rx(3.9390894622871078) q[1];
rx(5.805082834682948) q[0];
cx q[3],q[4];
rx(3.355351252729199) q[2];
barrier q[0],q[1],q[2],q[3],q[4];
rz(4.808534936678748) q[0];
cx q[1],q[4];
rz(0.6376521059180442) q[3];
ry(4.13891605092621) q[2];
barrier q[0],q[1],q[2],q[3],q[4];
ry(5.788991890395845) q[0];
ry(0.4459746330046997) q[3];
rx(0.3848739163249358) q[4];
rx(2.894312518301131) q[1];
ry(4.318500544215136) q[2];
barrier q[0],q[1],q[2],q[3],q[4];
rz(3.9163138399263895) q[2];
ry(1.5900307322190315) q[0];
rx(3.653243426870784) q[4];
cx q[1],q[3];
barrier q[0],q[1],q[2],q[3],q[4];
rx(2.2311929484899706) q[4];
rx(1.19487911887415) q[2];
rz(4.823748388173621) q[3];
cx q[0],q[1];
barrier q[0],q[1],q[2],q[3],q[4];
rz(4.446733623299667) q[1];
rx(0.19856228945803547) q[4];
rz(3.1139129540539776) q[2];
barrier q[0],q[1],q[2],q[3],q[4];
rx(1.2119223703375859) q[3];
rx(0.6851234777384583) q[2];
cx q[0],q[4];
barrier q[0],q[1],q[2],q[3],q[4];
ry(2.8249805198990963) q[3];
cx q[1],q[4];
cx q[0],q[2];
barrier q[0],q[1],q[2],q[3],q[4];
rx(2.8250016114750465) q[0];
cx q[1],q[4];
cx q[2],q[3];
barrier q[0],q[1],q[2],q[3],q[4];
mcx q[0],q[1],q[3],q[4];
barrier q[0],q[1],q[2],q[3],q[4];
mcx q[0],q[1],q[3],q[4];
ry(4.890103603036585) q[2];
barrier q[0],q[1],q[2],q[3],q[4];
cx q[1],q[4];
ry(5.13730168300214) q[0];
ry(0.6603977039541038) q[2];
ry(1.0733573678522228) q[3];
barrier q[0],q[1],q[2],q[3],q[4];
barrier q[0],q[1],q[2],q[3],q[4];
measure q[0] -> meas[0];
measure q[1] -> meas[1];
measure q[2] -> meas[2];
measure q[3] -> meas[3];
measure q[4] -> meas[4];","{""11011"": 6, ""10010"": 142, ""11111"": 122, ""10110"": 69, ""10001"": 124, ""10111"": 39, ""10000"": 111, ""11110"": 97, ""11001"": 62, ""10100"": 18, ""10011"": 39, ""11000"": 40, ""11101"": 117, ""00011"": 1, ""10101"": 4, ""01011"": 1, ""01111"": 2, ""01101"": 2, ""00110"": 1, ""11100"": 2, ""11010"": 6, ""00010"": 5, ""00000"": 2, ""01100"": 3, ""01110"": 4, ""01001"": 3, ""00100"": 1, ""00101"": 1}",{},circuit_images\circuit_059.png
60,"OPENQASM 2.0;
include ""qelib1.inc"";
gate mcx q0,q1,q2,q3 { h q3; p(pi/8) q0; p(pi/8) q1; p(pi/8) q2; p(pi/8) q3; cx q0,q1; p(-pi/8) q1; cx q0,q1; cx q1,q2; p(-pi/8) q2; cx q0,q2; p(pi/8) q2; cx q1,q2; p(-pi/8) q2; cx q0,q2; cx q2,q3; p(-pi/8) q3; cx q1,q3; p(pi/8) q3; cx q2,q3; p(-pi/8) q3; cx q0,q3; p(pi/8) q3; cx q2,q3; p(-pi/8) q3; cx q1,q3; p(pi/8) q3; cx q2,q3; p(-pi/8) q3; cx q0,q3; h q3; }
qreg q[5];
creg meas[5];
ry(4.706396366892088) q[3];
rx(2.976359757773371) q[1];
cx q[0],q[4];
rx(5.310693479772886) q[2];
barrier q[0],q[1],q[2],q[3],q[4];
ry(0.8073449460317005) q[4];
ccx q[0],q[2],q[3];
barrier q[0],q[1],q[2],q[3],q[4];
cx q[2],q[3];
cx q[0],q[1];
ry(0.9725593022007509) q[4];
barrier q[0],q[1],q[2],q[3],q[4];
cx q[1],q[4];
cx q[0],q[2];
rx(1.785878730383266) q[3];
barrier q[0],q[1],q[2],q[3],q[4];
cx q[1],q[2];
cx q[0],q[4];
ry(2.537974719910275) q[3];
barrier q[0],q[1],q[2],q[3],q[4];
ry(3.6951256083691897) q[0];
ry(0.7107166192534242) q[4];
rx(2.9455047763579203) q[3];
ry(2.3988144872552253) q[1];
barrier q[0],q[1],q[2],q[3],q[4];
mcx q[0],q[2],q[3],q[4];
barrier q[0],q[1],q[2],q[3],q[4];
rx(2.447186577985912) q[0];
rx(2.349962461647032) q[1];
ccx q[2],q[3],q[4];
barrier q[0],q[1],q[2],q[3],q[4];
rx(2.261772391096135) q[0];
ccx q[1],q[3],q[4];
ry(0.0941885270890585) q[2];
barrier q[0],q[1],q[2],q[3],q[4];
rx(0.37270997230522523) q[4];
rz(3.1083900946976737) q[3];
rz(5.154869923154537) q[0];
rx(2.0460011106411993) q[1];
rz(2.0540727235896283) q[2];
barrier q[0],q[1],q[2],q[3],q[4];
rx(4.812398214611957) q[1];
cx q[2],q[4];
cx q[0],q[3];
barrier q[0],q[1],q[2],q[3],q[4];
rx(0.21639164242609935) q[2];
ry(1.8105432833618942) q[1];
ry(3.0415106164976184) q[3];
barrier q[0],q[1],q[2],q[3],q[4];
barrier q[0],q[1],q[2],q[3],q[4];
measure q[0] -> meas[0];
measure q[1] -> meas[1];
measure q[2] -> meas[2];
measure q[3] -> meas[3];
measure q[4] -> meas[4];","{""01101"": 115, ""00100"": 119, ""11001"": 17, ""10001"": 13, ""11100"": 20, ""00101"": 76, ""11101"": 145, ""10110"": 22, ""11111"": 42, ""10111"": 3, ""01001"": 39, ""10100"": 162, ""10101"": 34, ""01100"": 65, ""10011"": 5, ""10000"": 26, ""00010"": 13, ""01011"": 7, ""00001"": 4, ""11000"": 21, ""00000"": 43, ""00110"": 9, ""00111"": 6, ""10010"": 5, ""01110"": 3, ""11010"": 2, ""11110"": 3, ""01000"": 2, ""11011"": 2, ""01010"": 1}",{},circuit_images\circuit_060.png
61,"OPENQASM 2.0;
include ""qelib1.inc"";
gate mcx q0,q1,q2,q3 { h q3; p(pi/8) q0; p(pi/8) q1; p(pi/8) q2; p(pi/8) q3; cx q0,q1; p(-pi/8) q1; cx q0,q1; cx q1,q2; p(-pi/8) q2; cx q0,q2; p(pi/8) q2; cx q1,q2; p(-pi/8) q2; cx q0,q2; cx q2,q3; p(-pi/8) q3; cx q1,q3; p(pi/8) q3; cx q2,q3; p(-pi/8) q3; cx q0,q3; p(pi/8) q3; cx q2,q3; p(-pi/8) q3; cx q1,q3; p(pi/8) q3; cx q2,q3; p(-pi/8) q3; cx q0,q3; h q3; }
gate mcx_2221825039712 q0,q1,q2,q3,q4 { h q4; cp(pi/2) q3,q4; h q4; h q3; t q3; cx q2,q3; tdg q3; h q3; cx q0,q3; t q3; cx q1,q3; tdg q3; cx q0,q3; t q3; cx q1,q3; tdg q3; h q3; t q3; cx q2,q3; tdg q3; h q3; h q4; cp(-pi/2) q3,q4; h q4; h q3; t q3; cx q2,q3; tdg q3; h q3; t q3; cx q1,q3; tdg q3; cx q0,q3; t q3; cx q1,q3; tdg q3; cx q0,q3; h q3; t q3; cx q2,q3; tdg q3; h q3; h q4; cp(pi/8) q0,q4; h q4; cx q0,q1; h q4; cp(-pi/8) q1,q4; h q4; cx q0,q1; h q4; cp(pi/8) q1,q4; h q4; cx q1,q2; h q4; cp(-pi/8) q2,q4; h q4; cx q0,q2; h q4; cp(pi/8) q2,q4; h q4; cx q1,q2; h q4; cp(-pi/8) q2,q4; h q4; cx q0,q2; h q4; cp(pi/8) q2,q4; h q4; }
qreg q[5];
creg meas[5];
ry(0.3105290652220895) q[4];
rz(3.4502801363355653) q[2];
ry(2.022919332267813) q[1];
rz(1.126763349145102) q[3];
rx(0.7199255998347587) q[0];
barrier q[0],q[1],q[2],q[3],q[4];
ccx q[1],q[2],q[4];
rx(2.87634050450456) q[3];
barrier q[0],q[1],q[2],q[3],q[4];
ry(5.340528650837658) q[0];
rz(4.731178412823862) q[4];
rx(5.045321385571377) q[1];
ry(3.1709323533567506) q[3];
rx(2.317908259705719) q[2];
barrier q[0],q[1],q[2],q[3],q[4];
rz(0.44758527124309705) q[0];
cx q[2],q[4];
ry(1.3232387419658471) q[1];
barrier q[0],q[1],q[2],q[3],q[4];
ry(3.2279342576786485) q[0];
cx q[3],q[4];
ry(0.9285443682737196) q[2];
ry(3.017916995283312) q[1];
barrier q[0],q[1],q[2],q[3],q[4];
mcx q[0],q[2],q[3],q[4];
ry(2.8078021103510684) q[1];
barrier q[0],q[1],q[2],q[3],q[4];
mcx_2221825039712 q[0],q[1],q[2],q[3],q[4];
barrier q[0],q[1],q[2],q[3],q[4];
rz(2.270236147861221) q[0];
ry(6.036732999082577) q[2];
rz(1.6338046425006347) q[1];
cx q[3],q[4];
barrier q[0],q[1],q[2],q[3],q[4];
cx q[0],q[4];
ry(4.466480077252838) q[1];
barrier q[0],q[1],q[2],q[3],q[4];
cx q[1],q[3];
rz(4.496566615316703) q[4];
ry(1.497350074613368) q[0];
barrier q[0],q[1],q[2],q[3],q[4];
barrier q[0],q[1],q[2],q[3],q[4];
measure q[0] -> meas[0];
measure q[1] -> meas[1];
measure q[2] -> meas[2];
measure q[3] -> meas[3];
measure q[4] -> meas[4];","{""10000"": 33, ""10101"": 80, ""11110"": 16, ""00100"": 198, ""01110"": 68, ""00101"": 228, ""00000"": 65, ""01111"": 58, ""10001"": 100, ""10100"": 68, ""01010"": 14, ""11101"": 5, ""11111"": 30, ""00111"": 3, ""11011"": 25, ""01101"": 3, ""11010"": 10, ""00001"": 6, ""11100"": 1, ""01000"": 1, ""10110"": 2, ""01011"": 2, ""01100"": 4, ""00110"": 1, ""11000"": 1, ""10011"": 1, ""00010"": 1}",{},circuit_images\circuit_061.png
62,"OPENQASM 2.0;
include ""qelib1.inc"";
qreg q[5];
creg meas[5];
cx q[1],q[2];
ry(2.584463418797638) q[4];
ry(1.900291894315998) q[3];
barrier q[0],q[1],q[2],q[3],q[4];
cx q[2],q[3];
ry(5.051156873971982) q[4];
ry(4.568446830193981) q[0];
barrier q[0],q[1],q[2],q[3],q[4];
rx(2.7262304641292747) q[3];
rx(4.068577615694623) q[2];
rx(3.8379316510009636) q[1];
cx q[0],q[4];
barrier q[0],q[1],q[2],q[3],q[4];
ry(4.064386277485163) q[0];
cx q[2],q[4];
cx q[1],q[3];
barrier q[0],q[1],q[2],q[3],q[4];
rx(0.2560496356889325) q[0];
ry(0.4869951043035748) q[2];
ry(2.746248994519045) q[3];
barrier q[0],q[1],q[2],q[3],q[4];
ry(4.571150657152939) q[3];
rz(2.5034532259393285) q[0];
rz(2.524984985925097) q[1];
ry(1.5958218546883964) q[4];
rz(4.021076190506468) q[2];
barrier q[0],q[1],q[2],q[3],q[4];
barrier q[0],q[1],q[2],q[3],q[4];
measure q[0] -> meas[0];
measure q[1] -> meas[1];
measure q[2] -> meas[2];
measure q[3] -> meas[3];
measure q[4] -> meas[4];","{""10110"": 3, ""11111"": 559, ""11101"": 64, ""01110"": 15, ""11110"": 83, ""10101"": 12, ""11010"": 40, ""11011"": 168, ""11001"": 30, ""11100"": 11, ""01010"": 3, ""10010"": 2, ""11000"": 9, ""10111"": 15, ""10001"": 4, ""01111"": 1, ""10011"": 3, ""10100"": 1, ""10000"": 1}",{},circuit_images\circuit_062.png
63,"OPENQASM 2.0;
include ""qelib1.inc"";
gate mcx q0,q1,q2,q3 { h q3; p(pi/8) q0; p(pi/8) q1; p(pi/8) q2; p(pi/8) q3; cx q0,q1; p(-pi/8) q1; cx q0,q1; cx q1,q2; p(-pi/8) q2; cx q0,q2; p(pi/8) q2; cx q1,q2; p(-pi/8) q2; cx q0,q2; cx q2,q3; p(-pi/8) q3; cx q1,q3; p(pi/8) q3; cx q2,q3; p(-pi/8) q3; cx q0,q3; p(pi/8) q3; cx q2,q3; p(-pi/8) q3; cx q1,q3; p(pi/8) q3; cx q2,q3; p(-pi/8) q3; cx q0,q3; h q3; }
qreg q[5];
creg meas[5];
mcx q[0],q[1],q[3],q[4];
ry(0.14689759764428761) q[2];
barrier q[0],q[1],q[2],q[3],q[4];
ry(4.407996806135247) q[4];
cx q[1],q[3];
barrier q[0],q[1],q[2],q[3],q[4];
rx(5.851104866659795) q[3];
ccx q[1],q[2],q[4];
rz(0.9974476128331344) q[0];
barrier q[0],q[1],q[2],q[3],q[4];
rx(2.6553733794547356) q[1];
ry(3.548675129079032) q[0];
cx q[3],q[4];
barrier q[0],q[1],q[2],q[3],q[4];
ry(3.4833216217502763) q[3];
cx q[0],q[4];
cx q[1],q[2];
barrier q[0],q[1],q[2],q[3],q[4];
rz(0.30802870520082093) q[4];
cx q[0],q[1];
barrier q[0],q[1],q[2],q[3],q[4];
rz(3.98190396247963) q[0];
barrier q[0],q[1],q[2],q[3],q[4];
ry(5.110488454894242) q[3];
rx(0.6964344952696421) q[0];
cx q[2],q[4];
ry(6.060864437159566) q[1];
barrier q[0],q[1],q[2],q[3],q[4];
barrier q[0],q[1],q[2],q[3],q[4];
measure q[0] -> meas[0];
measure q[1] -> meas[1];
measure q[2] -> meas[2];
measure q[3] -> meas[3];
measure q[4] -> meas[4];","{""10101"": 101, ""01101"": 225, ""10100"": 16, ""00101"": 89, ""11101"": 378, ""01110"": 22, ""11100"": 57, ""00110"": 5, ""01100"": 25, ""01011"": 25, ""11111"": 3, ""11110"": 19, ""01010"": 2, ""10011"": 3, ""10111"": 1, ""11011"": 18, ""00100"": 14, ""10110"": 4, ""11000"": 4, ""10001"": 2, ""11001"": 1, ""00011"": 6, ""01001"": 3, ""00111"": 1}",{},circuit_images\circuit_063.png
64,"OPENQASM 2.0;
include ""qelib1.inc"";
gate mcx q0,q1,q2,q3,q4 { h q4; cp(pi/2) q3,q4; h q4; h q3; t q3; cx q2,q3; tdg q3; h q3; cx q0,q3; t q3; cx q1,q3; tdg q3; cx q0,q3; t q3; cx q1,q3; tdg q3; h q3; t q3; cx q2,q3; tdg q3; h q3; h q4; cp(-pi/2) q3,q4; h q4; h q3; t q3; cx q2,q3; tdg q3; h q3; t q3; cx q1,q3; tdg q3; cx q0,q3; t q3; cx q1,q3; tdg q3; cx q0,q3; h q3; t q3; cx q2,q3; tdg q3; h q3; h q4; cp(pi/8) q0,q4; h q4; cx q0,q1; h q4; cp(-pi/8) q1,q4; h q4; cx q0,q1; h q4; cp(pi/8) q1,q4; h q4; cx q1,q2; h q4; cp(-pi/8) q2,q4; h q4; cx q0,q2; h q4; cp(pi/8) q2,q4; h q4; cx q1,q2; h q4; cp(-pi/8) q2,q4; h q4; cx q0,q2; h q4; cp(pi/8) q2,q4; h q4; }
qreg q[5];
creg meas[5];
rx(3.8749583936326975) q[1];
rx(4.30254217627275) q[0];
ccx q[2],q[3],q[4];
barrier q[0],q[1],q[2],q[3],q[4];
cx q[1],q[4];
cx q[0],q[3];
barrier q[0],q[1],q[2],q[3],q[4];
cx q[0],q[3];
barrier q[0],q[1],q[2],q[3],q[4];
ccx q[1],q[2],q[4];
rz(3.908329350732879) q[3];
rz(4.6677930997242845) q[0];
barrier q[0],q[1],q[2],q[3],q[4];
rz(2.095691453945213) q[4];
rx(5.867571829364221) q[0];
rz(0.6103562807823651) q[2];
cx q[1],q[3];
barrier q[0],q[1],q[2],q[3],q[4];
mcx q[0],q[1],q[2],q[3],q[4];
barrier q[0],q[1],q[2],q[3],q[4];
ccx q[0],q[2],q[4];
cx q[1],q[3];
barrier q[0],q[1],q[2],q[3],q[4];
rx(1.2426602123383241) q[3];
rx(2.6135372781989292) q[1];
cx q[0],q[2];
rx(3.6644909348541947) q[4];
barrier q[0],q[1],q[2],q[3],q[4];
ry(4.208163102462432) q[0];
rz(6.089972425642487) q[3];
ry(0.5973060416546889) q[4];
cx q[1],q[2];
barrier q[0],q[1],q[2],q[3],q[4];
rz(3.7489892689757336) q[2];
rz(1.0863865130199206) q[1];
barrier q[0],q[1],q[2],q[3],q[4];
cx q[1],q[2];
ry(2.6350441973534453) q[0];
rz(4.821106930954952) q[4];
rx(0.24239938959893392) q[3];
barrier q[0],q[1],q[2],q[3],q[4];
rz(2.9276155907042374) q[3];
rz(1.214826740727048) q[4];
rz(5.226407435327132) q[2];
ry(3.369897209051977) q[1];
barrier q[0],q[1],q[2],q[3],q[4];
rz(1.9594010958430357) q[2];
cx q[0],q[3];
cx q[1],q[4];
barrier q[0],q[1],q[2],q[3],q[4];
cx q[1],q[2];
rx(4.419544823748446) q[4];
ry(5.8661409592258895) q[3];
rx(2.6068858816641605) q[0];
barrier q[0],q[1],q[2],q[3],q[4];
rz(2.6426751754445905) q[0];
rx(4.738817933627304) q[4];
rz(1.3943005661698833) q[2];
rx(1.7372608153503089) q[3];
barrier q[0],q[1],q[2],q[3],q[4];
barrier q[0],q[1],q[2],q[3],q[4];
measure q[0] -> meas[0];
measure q[1] -> meas[1];
measure q[2] -> meas[2];
measure q[3] -> meas[3];
measure q[4] -> meas[4];","{""10001"": 39, ""00001"": 22, ""01010"": 431, ""01111"": 6, ""00111"": 195, ""11100"": 38, ""01011"": 44, ""00011"": 25, ""01100"": 72, ""10111"": 17, ""11010"": 22, ""11001"": 7, ""01110"": 15, ""11111"": 2, ""00010"": 29, ""11101"": 4, ""00110"": 16, ""10101"": 3, ""00101"": 4, ""01101"": 10, ""10010"": 3, ""10100"": 2, ""11000"": 4, ""10000"": 3, ""00000"": 1, ""11110"": 2, ""01001"": 2, ""00100"": 3, ""11011"": 2, ""10011"": 1}",{},circuit_images\circuit_064.png
65,"OPENQASM 2.0;
include ""qelib1.inc"";
qreg q[5];
creg meas[5];
cx q[3],q[4];
cx q[1],q[2];
ry(1.7231868302411375) q[0];
barrier q[0],q[1],q[2],q[3],q[4];
rz(2.784140411738078) q[0];
ry(6.187406798823286) q[4];
rz(5.698626833640267) q[2];
rx(5.921241854934738) q[1];
ry(5.411704787042946) q[3];
barrier q[0],q[1],q[2],q[3],q[4];
cx q[0],q[3];
rx(4.803319145411937) q[4];
barrier q[0],q[1],q[2],q[3],q[4];
rz(4.544971824780041) q[1];
ccx q[0],q[2],q[3];
rz(4.528477069480871) q[4];
barrier q[0],q[1],q[2],q[3],q[4];
rx(1.529027484096819) q[1];
rx(5.023808127247266) q[0];
rx(4.220203102140602) q[3];
ry(6.003889838521086) q[2];
barrier q[0],q[1],q[2],q[3],q[4];
cx q[2],q[4];
cx q[0],q[1];
rx(1.4216024351738434) q[3];
barrier q[0],q[1],q[2],q[3],q[4];
cx q[0],q[4];
cx q[1],q[3];
rx(5.779516376413696) q[2];
barrier q[0],q[1],q[2],q[3],q[4];
rx(1.475710560440287) q[4];
rx(5.603013826423241) q[0];
ry(2.1560889473118863) q[1];
ry(3.62771980268745) q[2];
barrier q[0],q[1],q[2],q[3],q[4];
rx(4.833768403058008) q[3];
cx q[1],q[2];
ry(1.7312699348215588) q[0];
barrier q[0],q[1],q[2],q[3],q[4];
barrier q[0],q[1],q[2],q[3],q[4];
measure q[0] -> meas[0];
measure q[1] -> meas[1];
measure q[2] -> meas[2];
measure q[3] -> meas[3];
measure q[4] -> meas[4];","{""10010"": 129, ""10100"": 9, ""11101"": 170, ""00101"": 94, ""01010"": 29, ""01101"": 207, ""10101"": 84, ""00010"": 127, ""10001"": 10, ""11001"": 18, ""11010"": 36, ""00110"": 7, ""01011"": 14, ""11011"": 22, ""10110"": 9, ""10011"": 12, ""01100"": 2, ""01001"": 16, ""00011"": 6, ""00001"": 7, ""11110"": 2, ""00100"": 4, ""01110"": 2, ""10111"": 1, ""11100"": 4, ""11000"": 2, ""01111"": 1}",{},circuit_images\circuit_065.png
66,"OPENQASM 2.0;
include ""qelib1.inc"";
qreg q[5];
creg meas[5];
cx q[0],q[2];
ry(2.3963469641889548) q[1];
cx q[3],q[4];
barrier q[0],q[1],q[2],q[3],q[4];
ccx q[0],q[2],q[4];
cx q[1],q[3];
barrier q[0],q[1],q[2],q[3],q[4];
cx q[0],q[4];
ry(3.754525976774806) q[1];
barrier q[0],q[1],q[2],q[3],q[4];
ry(5.252174219923848) q[0];
cx q[1],q[4];
ry(2.4587476021215044) q[2];
rx(5.50986013692983) q[3];
barrier q[0],q[1],q[2],q[3],q[4];
rx(0.9382358121712696) q[3];
cx q[1],q[4];
barrier q[0],q[1],q[2],q[3],q[4];
ry(0.7748550286838933) q[2];
rz(3.4492299614621826) q[4];
rz(1.424264194998307) q[0];
rz(1.2289975530531083) q[3];
rx(4.579967492476292) q[1];
barrier q[0],q[1],q[2],q[3],q[4];
ry(5.366697208565685) q[1];
cx q[2],q[3];
barrier q[0],q[1],q[2],q[3],q[4];
rx(6.245138938754107) q[3];
ry(4.306741522833692) q[1];
rx(2.4339345577359572) q[2];
cx q[0],q[4];
barrier q[0],q[1],q[2],q[3],q[4];
rx(1.2109892543097363) q[2];
cx q[1],q[4];
barrier q[0],q[1],q[2],q[3],q[4];
rz(3.1703743007065865) q[0];
rz(4.599542749884068) q[3];
cx q[2],q[4];
barrier q[0],q[1],q[2],q[3],q[4];
rx(6.245038586753428) q[3];
rz(5.551393145936856) q[0];
rz(0.9506227505858076) q[1];
rx(1.5840252225195681) q[2];
barrier q[0],q[1],q[2],q[3],q[4];
rx(5.93391134458844) q[1];
rx(0.9632900457081973) q[0];
ry(4.345829064913434) q[3];
barrier q[0],q[1],q[2],q[3],q[4];
rz(1.1166409289103791) q[0];
cx q[3],q[4];
barrier q[0],q[1],q[2],q[3],q[4];
barrier q[0],q[1],q[2],q[3],q[4];
measure q[0] -> meas[0];
measure q[1] -> meas[1];
measure q[2] -> meas[2];
measure q[3] -> meas[3];
measure q[4] -> meas[4];","{""11000"": 70, ""01010"": 56, ""00110"": 2, ""00000"": 62, ""10100"": 30, ""10110"": 28, ""11011"": 24, ""01011"": 24, ""11001"": 47, ""11110"": 41, ""01111"": 21, ""00100"": 97, ""11100"": 84, ""11010"": 14, ""00111"": 13, ""00011"": 23, ""01110"": 84, ""11101"": 27, ""01001"": 56, ""10101"": 19, ""10001"": 37, ""01101"": 17, ""10010"": 22, ""00101"": 15, ""10000"": 5, ""01100"": 27, ""10011"": 21, ""11111"": 11, ""01000"": 12, ""10111"": 7, ""00001"": 22, ""00010"": 6}",{},circuit_images\circuit_066.png
67,"OPENQASM 2.0;
include ""qelib1.inc"";
qreg q[5];
creg meas[5];
rz(0.9215020348432945) q[0];
rx(2.4308808512682663) q[1];
ccx q[2],q[3],q[4];
barrier q[0],q[1],q[2],q[3],q[4];
ccx q[0],q[1],q[2];
rx(5.89909588988073) q[4];
ry(1.7098739473027589) q[3];
barrier q[0],q[1],q[2],q[3],q[4];
rx(4.809645008312045) q[4];
rx(1.1470957190397284) q[2];
rx(4.520774637453078) q[3];
ry(1.0984171814237507) q[1];
ry(2.6251005748242755) q[0];
barrier q[0],q[1],q[2],q[3],q[4];
ry(2.3186073652587345) q[0];
ry(3.626246566384583) q[1];
cx q[3],q[4];
ry(0.11962198866313044) q[2];
barrier q[0],q[1],q[2],q[3],q[4];
rx(0.08522429741833247) q[1];
rz(0.8821508979474142) q[0];
cx q[2],q[4];
barrier q[0],q[1],q[2],q[3],q[4];
cx q[0],q[4];
ccx q[1],q[2],q[3];
barrier q[0],q[1],q[2],q[3],q[4];
cx q[0],q[4];
rz(1.9185598588119908) q[2];
rz(3.0335907139199723) q[3];
rx(5.748466290871586) q[1];
barrier q[0],q[1],q[2],q[3],q[4];
cx q[1],q[4];
ry(1.3950610265908359) q[3];
rx(1.466402572324553) q[0];
rz(5.140971143518954) q[2];
barrier q[0],q[1],q[2],q[3],q[4];
rx(5.593046135126945) q[0];
ry(2.488184555444625) q[2];
rz(2.1723436616278886) q[4];
ry(1.0044893644242845) q[1];
barrier q[0],q[1],q[2],q[3],q[4];
rz(0.5161686458619653) q[3];
cx q[0],q[2];
ry(3.5867618916071238) q[1];
barrier q[0],q[1],q[2],q[3],q[4];
ry(4.98552811410247) q[2];
cx q[0],q[4];
cx q[1],q[3];
barrier q[0],q[1],q[2],q[3],q[4];
barrier q[0],q[1],q[2],q[3],q[4];
measure q[0] -> meas[0];
measure q[1] -> meas[1];
measure q[2] -> meas[2];
measure q[3] -> meas[3];
measure q[4] -> meas[4];","{""01101"": 63, ""10101"": 83, ""11010"": 15, ""11100"": 28, ""00010"": 36, ""00001"": 57, ""01001"": 12, ""00011"": 103, ""10001"": 87, ""00000"": 17, ""11101"": 46, ""01100"": 15, ""11111"": 10, ""00100"": 72, ""10011"": 122, ""10100"": 51, ""01111"": 9, ""00101"": 55, ""01011"": 20, ""11000"": 3, ""10010"": 34, ""10000"": 18, ""11011"": 9, ""00110"": 15, ""10111"": 5, ""11110"": 7, ""00111"": 5, ""10110"": 8, ""01000"": 6, ""01110"": 13}",{},circuit_images\circuit_067.png
68,"OPENQASM 2.0;
include ""qelib1.inc"";
gate mcx q0,q1,q2,q3 { h q3; p(pi/8) q0; p(pi/8) q1; p(pi/8) q2; p(pi/8) q3; cx q0,q1; p(-pi/8) q1; cx q0,q1; cx q1,q2; p(-pi/8) q2; cx q0,q2; p(pi/8) q2; cx q1,q2; p(-pi/8) q2; cx q0,q2; cx q2,q3; p(-pi/8) q3; cx q1,q3; p(pi/8) q3; cx q2,q3; p(-pi/8) q3; cx q0,q3; p(pi/8) q3; cx q2,q3; p(-pi/8) q3; cx q1,q3; p(pi/8) q3; cx q2,q3; p(-pi/8) q3; cx q0,q3; h q3; }
qreg q[5];
creg meas[5];
mcx q[0],q[2],q[3],q[4];
rz(6.061547322155949) q[1];
barrier q[0],q[1],q[2],q[3],q[4];
rx(2.215690838275172) q[1];
rx(3.734767150829169) q[2];
cx q[0],q[4];
rz(2.8697286706007312) q[3];
barrier q[0],q[1],q[2],q[3],q[4];
cx q[1],q[3];
cx q[2],q[4];
barrier q[0],q[1],q[2],q[3],q[4];
rz(1.6792906111676236) q[4];
rz(2.3401186389198716) q[1];
rx(5.9042772730215285) q[0];
ry(2.1174311014813325) q[2];
barrier q[0],q[1],q[2],q[3],q[4];
rx(1.1399462265663847) q[4];
rx(2.0947804586659555) q[2];
rx(4.245337326491225) q[3];
rx(0.6497209418153663) q[0];
ry(0.21488624064570044) q[1];
barrier q[0],q[1],q[2],q[3],q[4];
cx q[0],q[4];
cx q[1],q[3];
rx(5.174183136561234) q[2];
barrier q[0],q[1],q[2],q[3],q[4];
cx q[0],q[3];
ry(1.160165434537095) q[1];
cx q[2],q[4];
barrier q[0],q[1],q[2],q[3],q[4];
cx q[0],q[2];
rx(3.7038653778630155) q[4];
ry(5.755295799927213) q[3];
rx(0.37483329413763306) q[1];
barrier q[0],q[1],q[2],q[3],q[4];
rx(5.742052507663323) q[3];
ry(5.597690758043979) q[1];
barrier q[0],q[1],q[2],q[3],q[4];
ry(0.06283564615122705) q[1];
ry(4.819120127744742) q[0];
ry(4.274184915160234) q[3];
rz(5.568985973350532) q[2];
barrier q[0],q[1],q[2],q[3],q[4];
cx q[1],q[3];
ry(0.583406654794374) q[4];
rx(1.9073154632777722) q[0];
barrier q[0],q[1],q[2],q[3],q[4];
cx q[3],q[4];
rz(5.481651460998733) q[2];
cx q[0],q[1];
barrier q[0],q[1],q[2],q[3],q[4];
ry(2.660467006274816) q[1];
rx(5.699928456935171) q[4];
rz(0.7096169033911577) q[0];
rz(0.40609104100078763) q[3];
rz(0.7077185320162075) q[2];
barrier q[0],q[1],q[2],q[3],q[4];
barrier q[0],q[1],q[2],q[3],q[4];
measure q[0] -> meas[0];
measure q[1] -> meas[1];
measure q[2] -> meas[2];
measure q[3] -> meas[3];
measure q[4] -> meas[4];","{""01100"": 69, ""00011"": 36, ""11011"": 91, ""01011"": 116, ""01111"": 118, ""11010"": 33, ""10000"": 43, ""01110"": 29, ""00000"": 45, ""10100"": 38, ""01010"": 28, ""00001"": 24, ""01000"": 80, ""11000"": 82, ""11110"": 7, ""10001"": 31, ""00101"": 8, ""11111"": 13, ""11100"": 14, ""00010"": 11, ""10011"": 19, ""10010"": 15, ""01001"": 7, ""10101"": 24, ""00111"": 5, ""10111"": 15, ""11001"": 8, ""01101"": 7, ""10110"": 5, ""00100"": 2, ""11101"": 1}",{},circuit_images\circuit_068.png
69,"OPENQASM 2.0;
include ""qelib1.inc"";
gate mcx q0,q1,q2,q3 { h q3; p(pi/8) q0; p(pi/8) q1; p(pi/8) q2; p(pi/8) q3; cx q0,q1; p(-pi/8) q1; cx q0,q1; cx q1,q2; p(-pi/8) q2; cx q0,q2; p(pi/8) q2; cx q1,q2; p(-pi/8) q2; cx q0,q2; cx q2,q3; p(-pi/8) q3; cx q1,q3; p(pi/8) q3; cx q2,q3; p(-pi/8) q3; cx q0,q3; p(pi/8) q3; cx q2,q3; p(-pi/8) q3; cx q1,q3; p(pi/8) q3; cx q2,q3; p(-pi/8) q3; cx q0,q3; h q3; }
qreg q[5];
creg meas[5];
ccx q[1],q[2],q[4];
ry(1.029617263430087) q[3];
barrier q[0],q[1],q[2],q[3],q[4];
ry(3.2361550836079496) q[3];
ry(2.68720942306096) q[2];
rz(2.286203321434162) q[1];
barrier q[0],q[1],q[2],q[3],q[4];
rz(4.08200897562402) q[1];
rx(0.7927161431293601) q[4];
ry(2.1089768335334926) q[2];
rx(1.5170780022005923) q[3];
barrier q[0],q[1],q[2],q[3],q[4];
cx q[0],q[3];
cx q[1],q[4];
ry(3.723353602845881) q[2];
barrier q[0],q[1],q[2],q[3],q[4];
rz(0.5501062929890854) q[2];
mcx q[0],q[1],q[3],q[4];
barrier q[0],q[1],q[2],q[3],q[4];
rz(1.1408997774703318) q[0];
cx q[2],q[3];
barrier q[0],q[1],q[2],q[3],q[4];
cx q[0],q[2];
ry(3.1417257865057326) q[3];
rz(5.084513323845937) q[4];
rx(3.7476079685481385) q[1];
barrier q[0],q[1],q[2],q[3],q[4];
cx q[0],q[3];
rx(3.8654731162027662) q[1];
rz(1.0533392359987106) q[2];
rx(5.3966835493585545) q[4];
barrier q[0],q[1],q[2],q[3],q[4];
cx q[0],q[1];
cx q[3],q[4];
barrier q[0],q[1],q[2],q[3],q[4];
rz(5.9155625175177375) q[3];
ry(4.656470067912308) q[1];
cx q[0],q[4];
rz(2.37791506052002) q[2];
barrier q[0],q[1],q[2],q[3],q[4];
cx q[1],q[4];
rz(2.603215584937083) q[2];
cx q[0],q[3];
barrier q[0],q[1],q[2],q[3],q[4];
ccx q[1],q[2],q[3];
barrier q[0],q[1],q[2],q[3],q[4];
rx(5.605196216718922) q[2];
cx q[1],q[4];
rx(1.3029028873225603) q[0];
barrier q[0],q[1],q[2],q[3],q[4];
mcx q[0],q[1],q[3],q[4];
rz(3.8487431509415466) q[2];
barrier q[0],q[1],q[2],q[3],q[4];
barrier q[0],q[1],q[2],q[3],q[4];
measure q[0] -> meas[0];
measure q[1] -> meas[1];
measure q[2] -> meas[2];
measure q[3] -> meas[3];
measure q[4] -> meas[4];","{""11001"": 14, ""11101"": 59, ""01110"": 126, ""00100"": 82, ""01101"": 11, ""10110"": 96, ""00010"": 31, ""00001"": 33, ""11111"": 78, ""11000"": 26, ""11010"": 17, ""01000"": 4, ""11110"": 29, ""10111"": 55, ""11100"": 102, ""00000"": 59, ""00110"": 18, ""00011"": 26, ""10010"": 7, ""01010"": 6, ""00101"": 39, ""01100"": 29, ""10001"": 8, ""01111"": 12, ""00111"": 14, ""10011"": 5, ""10101"": 3, ""10000"": 6, ""10100"": 17, ""01011"": 8, ""01001"": 3, ""11011"": 1}",{},circuit_images\circuit_069.png
70,"OPENQASM 2.0;
include ""qelib1.inc"";
gate mcx q0,q1,q2,q3 { h q3; p(pi/8) q0; p(pi/8) q1; p(pi/8) q2; p(pi/8) q3; cx q0,q1; p(-pi/8) q1; cx q0,q1; cx q1,q2; p(-pi/8) q2; cx q0,q2; p(pi/8) q2; cx q1,q2; p(-pi/8) q2; cx q0,q2; cx q2,q3; p(-pi/8) q3; cx q1,q3; p(pi/8) q3; cx q2,q3; p(-pi/8) q3; cx q0,q3; p(pi/8) q3; cx q2,q3; p(-pi/8) q3; cx q1,q3; p(pi/8) q3; cx q2,q3; p(-pi/8) q3; cx q0,q3; h q3; }
qreg q[5];
creg meas[5];
rx(3.3413757597606986) q[2];
ry(2.4737493510289172) q[0];
rz(1.8611071717612944) q[4];
rz(3.4147681801443244) q[1];
rz(4.480121512822681) q[3];
barrier q[0],q[1],q[2],q[3],q[4];
cx q[2],q[3];
ry(5.777898148346552) q[0];
rz(4.0202534775964835) q[4];
barrier q[0],q[1],q[2],q[3],q[4];
cx q[2],q[3];
ry(5.326705181870476) q[4];
rx(0.14997022302108412) q[0];
rz(3.7184389961023667) q[1];
barrier q[0],q[1],q[2],q[3],q[4];
cx q[0],q[4];
ccx q[1],q[2],q[3];
barrier q[0],q[1],q[2],q[3],q[4];
ry(4.873633274293154) q[4];
rz(0.9725293733181964) q[3];
ry(0.5783067575829524) q[0];
rz(1.7137024248350514) q[1];
ry(4.626288977551269) q[2];
barrier q[0],q[1],q[2],q[3],q[4];
ccx q[0],q[1],q[3];
rz(1.8725956669721586) q[2];
barrier q[0],q[1],q[2],q[3],q[4];
rx(5.233198426966415) q[4];
rx(2.3101695523337074) q[0];
rx(0.6724272181801206) q[3];
ry(3.7444853935449323) q[2];
barrier q[0],q[1],q[2],q[3],q[4];
ccx q[0],q[2],q[4];
rx(2.6882530874566446) q[3];
rz(2.522922622124253) q[1];
barrier q[0],q[1],q[2],q[3],q[4];
ry(4.476664026025349) q[4];
ry(2.010766129680472) q[1];
ry(6.268232724678292) q[0];
rx(6.157794654487972) q[2];
ry(4.846297656445558) q[3];
barrier q[0],q[1],q[2],q[3],q[4];
cx q[1],q[2];
ry(0.3842617951470137) q[3];
rz(0.25869653060816344) q[0];
rx(2.108948580681924) q[4];
barrier q[0],q[1],q[2],q[3],q[4];
mcx q[0],q[2],q[3],q[4];
rx(2.6399126872508485) q[1];
barrier q[0],q[1],q[2],q[3],q[4];
ccx q[1],q[2],q[4];
cx q[0],q[3];
barrier q[0],q[1],q[2],q[3],q[4];
ry(1.0265032629903705) q[0];
rx(3.031725918690844) q[3];
ry(0.8544607954030394) q[1];
cx q[2],q[4];
barrier q[0],q[1],q[2],q[3],q[4];
rz(3.7863568208022427) q[3];
rx(2.8897945007608454) q[0];
rx(3.05260457687407) q[2];
barrier q[0],q[1],q[2],q[3],q[4];
barrier q[0],q[1],q[2],q[3],q[4];
measure q[0] -> meas[0];
measure q[1] -> meas[1];
measure q[2] -> meas[2];
measure q[3] -> meas[3];
measure q[4] -> meas[4];","{""01100"": 140, ""10010"": 15, ""00001"": 61, ""01010"": 14, ""11111"": 42, ""00110"": 9, ""10111"": 57, ""01110"": 28, ""11101"": 44, ""11000"": 93, ""01011"": 13, ""10101"": 121, ""00100"": 37, ""01111"": 6, ""00000"": 14, ""11100"": 2, ""10011"": 61, ""10100"": 27, ""00101"": 9, ""10001"": 31, ""01101"": 43, ""01000"": 24, ""11001"": 20, ""10110"": 15, ""01001"": 22, ""11011"": 16, ""11110"": 20, ""00111"": 2, ""11010"": 19, ""10000"": 4, ""00011"": 4, ""00010"": 11}",{},circuit_images\circuit_070.png
71,"OPENQASM 2.0;
include ""qelib1.inc"";
gate mcx q0,q1,q2,q3 { h q3; p(pi/8) q0; p(pi/8) q1; p(pi/8) q2; p(pi/8) q3; cx q0,q1; p(-pi/8) q1; cx q0,q1; cx q1,q2; p(-pi/8) q2; cx q0,q2; p(pi/8) q2; cx q1,q2; p(-pi/8) q2; cx q0,q2; cx q2,q3; p(-pi/8) q3; cx q1,q3; p(pi/8) q3; cx q2,q3; p(-pi/8) q3; cx q0,q3; p(pi/8) q3; cx q2,q3; p(-pi/8) q3; cx q1,q3; p(pi/8) q3; cx q2,q3; p(-pi/8) q3; cx q0,q3; h q3; }
qreg q[5];
creg meas[5];
cx q[2],q[3];
cx q[0],q[4];
rx(2.3736624963317285) q[1];
barrier q[0],q[1],q[2],q[3],q[4];
ccx q[0],q[1],q[3];
rz(5.538103629238139) q[4];
barrier q[0],q[1],q[2],q[3],q[4];
ccx q[0],q[1],q[2];
ry(2.293034521164797) q[4];
ry(0.1354474150979721) q[3];
barrier q[0],q[1],q[2],q[3],q[4];
rx(4.214165380724817) q[4];
ccx q[0],q[2],q[3];
rx(1.6948007658876405) q[1];
barrier q[0],q[1],q[2],q[3],q[4];
rx(5.166088732192131) q[2];
mcx q[0],q[1],q[3],q[4];
barrier q[0],q[1],q[2],q[3],q[4];
mcx q[1],q[2],q[3],q[4];
rx(3.0241552660910105) q[0];
barrier q[0],q[1],q[2],q[3],q[4];
cx q[0],q[4];
cx q[2],q[3];
rz(6.137740508429273) q[1];
barrier q[0],q[1],q[2],q[3],q[4];
rx(5.811151926402497) q[4];
rz(0.606471645835371) q[3];
ry(5.675116528154304) q[2];
barrier q[0],q[1],q[2],q[3],q[4];
rx(3.800629667201434) q[4];
rz(4.730569969420447) q[0];
barrier q[0],q[1],q[2],q[3],q[4];
rx(0.9434133247427424) q[1];
rz(1.8120442506598378) q[3];
cx q[0],q[4];
rz(1.9296631367935995) q[2];
barrier q[0],q[1],q[2],q[3],q[4];
barrier q[0],q[1],q[2],q[3],q[4];
measure q[0] -> meas[0];
measure q[1] -> meas[1];
measure q[2] -> meas[2];
measure q[3] -> meas[3];
measure q[4] -> meas[4];","{""01011"": 6, ""01111"": 27, ""10001"": 268, ""01101"": 69, ""11101"": 104, ""00011"": 100, ""00001"": 154, ""11111"": 53, ""10011"": 149, ""00101"": 22, ""10111"": 11, ""00111"": 10, ""10101"": 24, ""11011"": 8, ""11001"": 7, ""01001"": 9, ""01110"": 1, ""00000"": 1, ""10010"": 1}",{},circuit_images\circuit_071.png
72,"OPENQASM 2.0;
include ""qelib1.inc"";
gate mcx q0,q1,q2,q3 { h q3; p(pi/8) q0; p(pi/8) q1; p(pi/8) q2; p(pi/8) q3; cx q0,q1; p(-pi/8) q1; cx q0,q1; cx q1,q2; p(-pi/8) q2; cx q0,q2; p(pi/8) q2; cx q1,q2; p(-pi/8) q2; cx q0,q2; cx q2,q3; p(-pi/8) q3; cx q1,q3; p(pi/8) q3; cx q2,q3; p(-pi/8) q3; cx q0,q3; p(pi/8) q3; cx q2,q3; p(-pi/8) q3; cx q1,q3; p(pi/8) q3; cx q2,q3; p(-pi/8) q3; cx q0,q3; h q3; }
qreg q[5];
creg meas[5];
cx q[1],q[2];
cx q[0],q[4];
rx(1.5889589450009567) q[3];
barrier q[0],q[1],q[2],q[3],q[4];
ry(5.457372431399896) q[3];
rx(3.786381261441836) q[1];
ccx q[0],q[2],q[4];
barrier q[0],q[1],q[2],q[3],q[4];
rx(5.1513076630945696) q[2];
cx q[0],q[1];
barrier q[0],q[1],q[2],q[3],q[4];
ry(5.358814699921083) q[1];
rz(2.714343946077894) q[2];
ry(2.103702477592524) q[3];
rx(2.020555499407154) q[0];
barrier q[0],q[1],q[2],q[3],q[4];
rx(0.38157971560100273) q[0];
rz(5.810648991532695) q[3];
ccx q[1],q[2],q[4];
barrier q[0],q[1],q[2],q[3],q[4];
cx q[3],q[4];
ry(1.296914203017256) q[2];
rx(1.9736144394692925) q[1];
barrier q[0],q[1],q[2],q[3],q[4];
rz(1.8599837809454391) q[0];
mcx q[1],q[2],q[3],q[4];
barrier q[0],q[1],q[2],q[3],q[4];
cx q[0],q[2];
cx q[1],q[4];
barrier q[0],q[1],q[2],q[3],q[4];
ry(3.8028513734825995) q[0];
barrier q[0],q[1],q[2],q[3],q[4];
cx q[0],q[3];
rx(4.710396896944826) q[2];
rz(5.343729095810414) q[1];
ry(4.920350153221597) q[4];
barrier q[0],q[1],q[2],q[3],q[4];
ry(2.7310316834300132) q[2];
ry(1.3445220868501098) q[3];
rx(2.1601025637814852) q[1];
cx q[0],q[4];
barrier q[0],q[1],q[2],q[3],q[4];
cx q[0],q[3];
rx(4.3511823942188) q[1];
cx q[2],q[4];
barrier q[0],q[1],q[2],q[3],q[4];
rx(3.765232797336902) q[2];
cx q[0],q[1];
rz(1.4282559029845676) q[3];
barrier q[0],q[1],q[2],q[3],q[4];
rz(0.8259910830255155) q[0];
ry(2.390603456423754) q[2];
cx q[1],q[4];
ry(1.4696085456325336) q[3];
barrier q[0],q[1],q[2],q[3],q[4];
barrier q[0],q[1],q[2],q[3],q[4];
measure q[0] -> meas[0];
measure q[1] -> meas[1];
measure q[2] -> meas[2];
measure q[3] -> meas[3];
measure q[4] -> meas[4];","{""10100"": 16, ""11010"": 22, ""00000"": 20, ""01000"": 253, ""00100"": 284, ""00010"": 30, ""11100"": 68, ""10110"": 12, ""10000"": 43, ""10101"": 12, ""01110"": 13, ""10011"": 11, ""01001"": 5, ""11110"": 60, ""00001"": 25, ""01011"": 22, ""10001"": 4, ""10010"": 24, ""00110"": 15, ""11111"": 22, ""01100"": 15, ""01111"": 7, ""11000"": 20, ""11001"": 5, ""00111"": 1, ""10111"": 3, ""01010"": 4, ""01101"": 6, ""11011"": 1, ""00101"": 1}",{},circuit_images\circuit_072.png
73,"OPENQASM 2.0;
include ""qelib1.inc"";
qreg q[5];
creg meas[5];
cx q[0],q[3];
rz(5.713797160770124) q[2];
rz(2.0931269293870693) q[4];
barrier q[0],q[1],q[2],q[3],q[4];
rx(3.0059994439001865) q[2];
rz(5.0310964240642795) q[3];
rz(0.9456273108659299) q[1];
rx(3.6517881248844755) q[0];
ry(4.107901512062816) q[4];
barrier q[0],q[1],q[2],q[3],q[4];
rx(1.8234064786678479) q[4];
ry(1.259489047082098) q[3];
rx(4.279944654073187) q[0];
cx q[1],q[2];
barrier q[0],q[1],q[2],q[3],q[4];
ry(1.5558970390835956) q[0];
rx(1.8136689345027306) q[3];
ccx q[1],q[2],q[4];
barrier q[0],q[1],q[2],q[3],q[4];
ry(2.198995964819701) q[0];
ry(1.9651939839064345) q[3];
barrier q[0],q[1],q[2],q[3],q[4];
rx(6.029738901680649) q[4];
ccx q[0],q[2],q[3];
barrier q[0],q[1],q[2],q[3],q[4];
ccx q[1],q[2],q[3];
cx q[0],q[4];
barrier q[0],q[1],q[2],q[3],q[4];
cx q[2],q[4];
ry(1.9668821559734413) q[3];
ry(4.008059108665727) q[1];
barrier q[0],q[1],q[2],q[3],q[4];
cx q[1],q[2];
cx q[0],q[3];
ry(1.1129836437253662) q[4];
barrier q[0],q[1],q[2],q[3],q[4];
barrier q[0],q[1],q[2],q[3],q[4];
measure q[0] -> meas[0];
measure q[1] -> meas[1];
measure q[2] -> meas[2];
measure q[3] -> meas[3];
measure q[4] -> meas[4];","{""11011"": 26, ""00011"": 161, ""10010"": 64, ""00100"": 66, ""01101"": 39, ""00010"": 343, ""00101"": 30, ""01010"": 50, ""10011"": 19, ""01011"": 178, ""11010"": 10, ""10100"": 11, ""01100"": 8, ""11101"": 8, ""10101"": 6, ""00110"": 1, ""10111"": 1, ""11100"": 3}",{},circuit_images\circuit_073.png
74,"OPENQASM 2.0;
include ""qelib1.inc"";
gate mcx q0,q1,q2,q3 { h q3; p(pi/8) q0; p(pi/8) q1; p(pi/8) q2; p(pi/8) q3; cx q0,q1; p(-pi/8) q1; cx q0,q1; cx q1,q2; p(-pi/8) q2; cx q0,q2; p(pi/8) q2; cx q1,q2; p(-pi/8) q2; cx q0,q2; cx q2,q3; p(-pi/8) q3; cx q1,q3; p(pi/8) q3; cx q2,q3; p(-pi/8) q3; cx q0,q3; p(pi/8) q3; cx q2,q3; p(-pi/8) q3; cx q1,q3; p(pi/8) q3; cx q2,q3; p(-pi/8) q3; cx q0,q3; h q3; }
qreg q[5];
creg meas[5];
rz(3.455221405385173) q[0];
rz(4.758028856525728) q[3];
ry(3.1705048702582146) q[4];
cx q[1],q[2];
barrier q[0],q[1],q[2],q[3],q[4];
cx q[0],q[2];
ry(2.97230922011538) q[1];
barrier q[0],q[1],q[2],q[3],q[4];
cx q[1],q[2];
rz(4.934793181632341) q[3];
rx(4.839509046115917) q[4];
ry(5.724560690809505) q[0];
barrier q[0],q[1],q[2],q[3],q[4];
rx(4.784674178343114) q[0];
mcx q[1],q[2],q[3],q[4];
barrier q[0],q[1],q[2],q[3],q[4];
mcx q[0],q[1],q[2],q[3];
ry(3.3426743290421808) q[4];
barrier q[0],q[1],q[2],q[3],q[4];
ry(2.408304070969036) q[4];
ry(4.252410487272215) q[2];
rz(5.246088823421096) q[3];
rx(4.74690133353618) q[0];
rz(1.6511024371888317) q[1];
barrier q[0],q[1],q[2],q[3],q[4];
barrier q[0],q[1],q[2],q[3],q[4];
measure q[0] -> meas[0];
measure q[1] -> meas[1];
measure q[2] -> meas[2];
measure q[3] -> meas[3];
measure q[4] -> meas[4];","{""11011"": 127, ""00011"": 68, ""10010"": 110, ""01011"": 78, ""10011"": 101, ""00010"": 98, ""11010"": 100, ""01111"": 30, ""00110"": 32, ""11110"": 32, ""01010"": 71, ""11111"": 38, ""10111"": 34, ""10110"": 46, ""01110"": 24, ""00111"": 32, ""10101"": 2, ""00101"": 1}",{},circuit_images\circuit_074.png
75,"OPENQASM 2.0;
include ""qelib1.inc"";
qreg q[5];
creg meas[5];
rx(4.30518000171189) q[1];
rz(3.118133497416403) q[2];
rx(0.7316286105932917) q[3];
rx(2.1806249962411726) q[0];
ry(4.887653172136248) q[4];
barrier q[0],q[1],q[2],q[3],q[4];
rz(5.294653335056112) q[1];
ry(5.1689013891234605) q[4];
rx(2.384159409545344) q[3];
barrier q[0],q[1],q[2],q[3],q[4];
cx q[2],q[3];
ccx q[0],q[1],q[4];
barrier q[0],q[1],q[2],q[3],q[4];
cx q[1],q[4];
rx(4.101605306527643) q[2];
rz(3.3377605670117774) q[3];
barrier q[0],q[1],q[2],q[3],q[4];
ry(4.867704699026844) q[1];
cx q[0],q[2];
cx q[3],q[4];
barrier q[0],q[1],q[2],q[3],q[4];
barrier q[0],q[1],q[2],q[3],q[4];
measure q[0] -> meas[0];
measure q[1] -> meas[1];
measure q[2] -> meas[2];
measure q[3] -> meas[3];
measure q[4] -> meas[4];","{""11110"": 91, ""01101"": 138, ""01011"": 90, ""11100"": 42, ""01110"": 42, ""11101"": 12, ""01001"": 464, ""11001"": 54, ""01100"": 18, ""01010"": 12, ""11000"": 9, ""11010"": 17, ""01111"": 21, ""11011"": 10, ""01000"": 4}",{},circuit_images\circuit_075.png
76,"OPENQASM 2.0;
include ""qelib1.inc"";
gate mcx q0,q1,q2,q3 { h q3; p(pi/8) q0; p(pi/8) q1; p(pi/8) q2; p(pi/8) q3; cx q0,q1; p(-pi/8) q1; cx q0,q1; cx q1,q2; p(-pi/8) q2; cx q0,q2; p(pi/8) q2; cx q1,q2; p(-pi/8) q2; cx q0,q2; cx q2,q3; p(-pi/8) q3; cx q1,q3; p(pi/8) q3; cx q2,q3; p(-pi/8) q3; cx q0,q3; p(pi/8) q3; cx q2,q3; p(-pi/8) q3; cx q1,q3; p(pi/8) q3; cx q2,q3; p(-pi/8) q3; cx q0,q3; h q3; }
gate mcx_2220769326192 q0,q1,q2,q3,q4 { h q4; cp(pi/2) q3,q4; h q4; h q3; t q3; cx q2,q3; tdg q3; h q3; cx q0,q3; t q3; cx q1,q3; tdg q3; cx q0,q3; t q3; cx q1,q3; tdg q3; h q3; t q3; cx q2,q3; tdg q3; h q3; h q4; cp(-pi/2) q3,q4; h q4; h q3; t q3; cx q2,q3; tdg q3; h q3; t q3; cx q1,q3; tdg q3; cx q0,q3; t q3; cx q1,q3; tdg q3; cx q0,q3; h q3; t q3; cx q2,q3; tdg q3; h q3; h q4; cp(pi/8) q0,q4; h q4; cx q0,q1; h q4; cp(-pi/8) q1,q4; h q4; cx q0,q1; h q4; cp(pi/8) q1,q4; h q4; cx q1,q2; h q4; cp(-pi/8) q2,q4; h q4; cx q0,q2; h q4; cp(pi/8) q2,q4; h q4; cx q1,q2; h q4; cp(-pi/8) q2,q4; h q4; cx q0,q2; h q4; cp(pi/8) q2,q4; h q4; }
qreg q[5];
creg meas[5];
rz(3.511666442914869) q[2];
rz(1.5251888159391922) q[3];
rx(0.5439320920450179) q[1];
cx q[0],q[4];
barrier q[0],q[1],q[2],q[3],q[4];
ry(1.8767027214463308) q[1];
rx(4.611848728005104) q[3];
cx q[0],q[2];
barrier q[0],q[1],q[2],q[3],q[4];
mcx q[0],q[1],q[3],q[4];
ry(2.865206340644063) q[2];
barrier q[0],q[1],q[2],q[3],q[4];
cx q[1],q[2];
ry(4.397133485786326) q[4];
cx q[0],q[3];
barrier q[0],q[1],q[2],q[3],q[4];
cx q[0],q[2];
rz(5.1084478132346645) q[1];
cx q[3],q[4];
barrier q[0],q[1],q[2],q[3],q[4];
mcx q[0],q[1],q[2],q[4];
ry(5.494921854714232) q[3];
barrier q[0],q[1],q[2],q[3],q[4];
mcx_2220769326192 q[0],q[1],q[2],q[3],q[4];
barrier q[0],q[1],q[2],q[3],q[4];
rx(3.1394114402955586) q[1];
rz(1.5833294565729514) q[0];
rz(2.226727074620142) q[3];
ry(3.95916539400788) q[2];
barrier q[0],q[1],q[2],q[3],q[4];
cx q[2],q[3];
ry(0.02275116171287391) q[4];
rz(4.436776584506053) q[0];
rz(4.706821059171151) q[1];
barrier q[0],q[1],q[2],q[3],q[4];
rz(2.109525257635489) q[0];
cx q[1],q[2];
cx q[3],q[4];
barrier q[0],q[1],q[2],q[3],q[4];
rx(4.8727621756510135) q[0];
mcx q[1],q[2],q[3],q[4];
barrier q[0],q[1],q[2],q[3],q[4];
mcx q[0],q[1],q[3],q[4];
rz(0.0838303725087211) q[2];
barrier q[0],q[1],q[2],q[3],q[4];
rx(2.553467054336046) q[3];
cx q[1],q[2];
rx(4.759645290365414) q[0];
barrier q[0],q[1],q[2],q[3],q[4];
rx(5.928505717572774) q[2];
ry(5.367319039815286) q[4];
ry(5.309574326022598) q[1];
cx q[0],q[3];
barrier q[0],q[1],q[2],q[3],q[4];
barrier q[0],q[1],q[2],q[3],q[4];
measure q[0] -> meas[0];
measure q[1] -> meas[1];
measure q[2] -> meas[2];
measure q[3] -> meas[3];
measure q[4] -> meas[4];","{""10011"": 42, ""11011"": 23, ""10010"": 133, ""11001"": 37, ""11101"": 195, ""00101"": 12, ""00111"": 24, ""10111"": 51, ""00010"": 13, ""11010"": 14, ""01111"": 21, ""10000"": 25, ""10001"": 220, ""10101"": 47, ""11111"": 73, ""01101"": 23, ""00011"": 2, ""01001"": 18, ""00000"": 5, ""10110"": 21, ""01010"": 2, ""01011"": 3, ""00001"": 16, ""00110"": 3, ""10100"": 1}",{},circuit_images\circuit_076.png
77,"OPENQASM 2.0;
include ""qelib1.inc"";
gate mcx q0,q1,q2,q3 { h q3; p(pi/8) q0; p(pi/8) q1; p(pi/8) q2; p(pi/8) q3; cx q0,q1; p(-pi/8) q1; cx q0,q1; cx q1,q2; p(-pi/8) q2; cx q0,q2; p(pi/8) q2; cx q1,q2; p(-pi/8) q2; cx q0,q2; cx q2,q3; p(-pi/8) q3; cx q1,q3; p(pi/8) q3; cx q2,q3; p(-pi/8) q3; cx q0,q3; p(pi/8) q3; cx q2,q3; p(-pi/8) q3; cx q1,q3; p(pi/8) q3; cx q2,q3; p(-pi/8) q3; cx q0,q3; h q3; }
qreg q[5];
creg meas[5];
mcx q[0],q[1],q[2],q[3];
rz(5.9702119858147205) q[4];
barrier q[0],q[1],q[2],q[3],q[4];
ccx q[0],q[1],q[2];
cx q[3],q[4];
barrier q[0],q[1],q[2],q[3],q[4];
cx q[0],q[1];
cx q[2],q[4];
barrier q[0],q[1],q[2],q[3],q[4];
rx(5.974194890694219) q[3];
rx(5.410103796594212) q[4];
rz(3.2807970320839974) q[2];
cx q[0],q[1];
barrier q[0],q[1],q[2],q[3],q[4];
mcx q[0],q[2],q[3],q[4];
rx(3.402828386410645) q[1];
barrier q[0],q[1],q[2],q[3],q[4];
rx(1.6764108485655844) q[2];
ry(5.619692541577387) q[3];
rz(3.8546657898528407) q[4];
rz(5.2820432019728845) q[1];
ry(2.916809178331668) q[0];
barrier q[0],q[1],q[2],q[3],q[4];
ry(1.0363393496668392) q[1];
ry(5.087561840855624) q[2];
ry(3.212136733850162) q[4];
rx(5.619713546444942) q[3];
barrier q[0],q[1],q[2],q[3],q[4];
rz(5.4785170710344815) q[2];
rx(2.031329686879787) q[4];
rz(0.43008421044054757) q[3];
cx q[0],q[1];
barrier q[0],q[1],q[2],q[3],q[4];
rz(3.609048467295274) q[2];
rz(3.588448327102694) q[1];
rz(5.403400456558046) q[3];
cx q[0],q[4];
barrier q[0],q[1],q[2],q[3],q[4];
ry(5.225738682458695) q[2];
rz(5.2541529475398345) q[4];
ccx q[0],q[1],q[3];
barrier q[0],q[1],q[2],q[3],q[4];
barrier q[0],q[1],q[2],q[3],q[4];
measure q[0] -> meas[0];
measure q[1] -> meas[1];
measure q[2] -> meas[2];
measure q[3] -> meas[3];
measure q[4] -> meas[4];","{""00011"": 12, ""10001"": 131, ""11101"": 40, ""00101"": 138, ""00001"": 241, ""01101"": 58, ""10101"": 105, ""00111"": 14, ""01001"": 108, ""11001"": 50, ""01111"": 24, ""01011"": 33, ""11011"": 24, ""11111"": 13, ""00110"": 5, ""10011"": 11, ""00010"": 3, ""10111"": 6, ""10110"": 3, ""11010"": 3, ""01010"": 2}",{},circuit_images\circuit_077.png
78,"OPENQASM 2.0;
include ""qelib1.inc"";
gate mcx q0,q1,q2,q3 { h q3; p(pi/8) q0; p(pi/8) q1; p(pi/8) q2; p(pi/8) q3; cx q0,q1; p(-pi/8) q1; cx q0,q1; cx q1,q2; p(-pi/8) q2; cx q0,q2; p(pi/8) q2; cx q1,q2; p(-pi/8) q2; cx q0,q2; cx q2,q3; p(-pi/8) q3; cx q1,q3; p(pi/8) q3; cx q2,q3; p(-pi/8) q3; cx q0,q3; p(pi/8) q3; cx q2,q3; p(-pi/8) q3; cx q1,q3; p(pi/8) q3; cx q2,q3; p(-pi/8) q3; cx q0,q3; h q3; }
gate mcx_2222189665968 q0,q1,q2,q3,q4 { h q4; cp(pi/2) q3,q4; h q4; h q3; t q3; cx q2,q3; tdg q3; h q3; cx q0,q3; t q3; cx q1,q3; tdg q3; cx q0,q3; t q3; cx q1,q3; tdg q3; h q3; t q3; cx q2,q3; tdg q3; h q3; h q4; cp(-pi/2) q3,q4; h q4; h q3; t q3; cx q2,q3; tdg q3; h q3; t q3; cx q1,q3; tdg q3; cx q0,q3; t q3; cx q1,q3; tdg q3; cx q0,q3; h q3; t q3; cx q2,q3; tdg q3; h q3; h q4; cp(pi/8) q0,q4; h q4; cx q0,q1; h q4; cp(-pi/8) q1,q4; h q4; cx q0,q1; h q4; cp(pi/8) q1,q4; h q4; cx q1,q2; h q4; cp(-pi/8) q2,q4; h q4; cx q0,q2; h q4; cp(pi/8) q2,q4; h q4; cx q1,q2; h q4; cp(-pi/8) q2,q4; h q4; cx q0,q2; h q4; cp(pi/8) q2,q4; h q4; }
qreg q[5];
creg meas[5];
ccx q[0],q[3],q[4];
ry(0.9224961960652187) q[1];
rz(3.5306031431762728) q[2];
barrier q[0],q[1],q[2],q[3],q[4];
cx q[0],q[2];
cx q[1],q[4];
barrier q[0],q[1],q[2],q[3],q[4];
ry(1.9205003091978792) q[2];
ry(0.6907191556418117) q[3];
ccx q[0],q[1],q[4];
barrier q[0],q[1],q[2],q[3],q[4];
mcx q[0],q[2],q[3],q[4];
ry(1.158730058471732) q[1];
barrier q[0],q[1],q[2],q[3],q[4];
rx(3.462291615278735) q[2];
rz(3.241843745554471) q[3];
cx q[0],q[1];
barrier q[0],q[1],q[2],q[3],q[4];
cx q[1],q[2];
barrier q[0],q[1],q[2],q[3],q[4];
ry(4.0687338302682035) q[1];
ry(0.7634610140214646) q[4];
ry(6.198989638563835) q[3];
barrier q[0],q[1],q[2],q[3],q[4];
mcx_2222189665968 q[0],q[1],q[2],q[3],q[4];
barrier q[0],q[1],q[2],q[3],q[4];
barrier q[0],q[1],q[2],q[3],q[4];
measure q[0] -> meas[0];
measure q[1] -> meas[1];
measure q[2] -> meas[2];
measure q[3] -> meas[3];
measure q[4] -> meas[4];","{""00000"": 179, ""01000"": 25, ""10100"": 154, ""00010"": 205, ""01010"": 30, ""10000"": 86, ""00100"": 166, ""00110"": 72, ""01100"": 22, ""11000"": 7, ""10110"": 24, ""11100"": 20, ""10010"": 18, ""01110"": 14, ""11010"": 2}",{},circuit_images\circuit_078.png
79,"OPENQASM 2.0;
include ""qelib1.inc"";
gate mcx q0,q1,q2,q3 { h q3; p(pi/8) q0; p(pi/8) q1; p(pi/8) q2; p(pi/8) q3; cx q0,q1; p(-pi/8) q1; cx q0,q1; cx q1,q2; p(-pi/8) q2; cx q0,q2; p(pi/8) q2; cx q1,q2; p(-pi/8) q2; cx q0,q2; cx q2,q3; p(-pi/8) q3; cx q1,q3; p(pi/8) q3; cx q2,q3; p(-pi/8) q3; cx q0,q3; p(pi/8) q3; cx q2,q3; p(-pi/8) q3; cx q1,q3; p(pi/8) q3; cx q2,q3; p(-pi/8) q3; cx q0,q3; h q3; }
qreg q[5];
creg meas[5];
ccx q[2],q[3],q[4];
barrier q[0],q[1],q[2],q[3],q[4];
rz(0.9464979841629731) q[4];
rz(2.3303746462265837) q[0];
ry(5.260902215846448) q[3];
barrier q[0],q[1],q[2],q[3],q[4];
ry(2.6637283820111546) q[1];
mcx q[0],q[2],q[3],q[4];
barrier q[0],q[1],q[2],q[3],q[4];
rz(0.13735231681951401) q[0];
rz(2.4646357187070707) q[2];
barrier q[0],q[1],q[2],q[3],q[4];
ccx q[1],q[3],q[4];
rx(2.335232039957403) q[0];
barrier q[0],q[1],q[2],q[3],q[4];
ry(5.160339029572583) q[4];
rx(0.0057564806257953795) q[2];
ry(3.6577330481864943) q[0];
ry(1.6860850681185668) q[1];
barrier q[0],q[1],q[2],q[3],q[4];
cx q[0],q[1];
ccx q[2],q[3],q[4];
barrier q[0],q[1],q[2],q[3],q[4];
rz(1.3667869913459034) q[2];
rx(0.4699647643247499) q[0];
barrier q[0],q[1],q[2],q[3],q[4];
cx q[0],q[1];
barrier q[0],q[1],q[2],q[3],q[4];
rz(5.666131255682078) q[3];
rz(2.971364941538876) q[1];
rx(1.2484358283735948) q[2];
rz(5.872566554344775) q[4];
ry(4.683215243766351) q[0];
barrier q[0],q[1],q[2],q[3],q[4];
rz(4.209663074854435) q[1];
ry(5.473860278416184) q[0];
rx(4.633239370446505) q[4];
barrier q[0],q[1],q[2],q[3],q[4];
cx q[2],q[3];
ry(1.2113192532747066) q[0];
cx q[1],q[4];
barrier q[0],q[1],q[2],q[3],q[4];
ry(5.541406927975638) q[0];
rz(5.682732383586133) q[2];
ccx q[1],q[3],q[4];
barrier q[0],q[1],q[2],q[3],q[4];
ry(5.320174139658021) q[1];
cx q[0],q[3];
ry(2.1652651026958316) q[4];
rx(3.5574528629510143) q[2];
barrier q[0],q[1],q[2],q[3],q[4];
barrier q[0],q[1],q[2],q[3],q[4];
measure q[0] -> meas[0];
measure q[1] -> meas[1];
measure q[2] -> meas[2];
measure q[3] -> meas[3];
measure q[4] -> meas[4];","{""01011"": 1, ""11100"": 15, ""10111"": 59, ""01111"": 66, ""11101"": 26, ""00100"": 151, ""00011"": 89, ""01010"": 122, ""01101"": 127, ""11111"": 23, ""10100"": 23, ""01001"": 15, ""11110"": 61, ""11011"": 27, ""00110"": 61, ""00001"": 32, ""10010"": 32, ""11010"": 5, ""01110"": 2, ""10110"": 24, ""01100"": 7, ""01000"": 17, ""00101"": 9, ""11001"": 6, ""00000"": 8, ""10101"": 13, ""10001"": 1, ""00010"": 1, ""10000"": 1}",{},circuit_images\circuit_079.png
80,"OPENQASM 2.0;
include ""qelib1.inc"";
gate mcx q0,q1,q2,q3 { h q3; p(pi/8) q0; p(pi/8) q1; p(pi/8) q2; p(pi/8) q3; cx q0,q1; p(-pi/8) q1; cx q0,q1; cx q1,q2; p(-pi/8) q2; cx q0,q2; p(pi/8) q2; cx q1,q2; p(-pi/8) q2; cx q0,q2; cx q2,q3; p(-pi/8) q3; cx q1,q3; p(pi/8) q3; cx q2,q3; p(-pi/8) q3; cx q0,q3; p(pi/8) q3; cx q2,q3; p(-pi/8) q3; cx q1,q3; p(pi/8) q3; cx q2,q3; p(-pi/8) q3; cx q0,q3; h q3; }
qreg q[5];
creg meas[5];
mcx q[0],q[1],q[2],q[4];
rz(3.133139008312364) q[3];
barrier q[0],q[1],q[2],q[3],q[4];
ry(3.069777400819601) q[2];
rx(2.38694939582682) q[3];
cx q[1],q[4];
rx(4.45929132920733) q[0];
barrier q[0],q[1],q[2],q[3],q[4];
rz(6.234590578348263) q[0];
ry(2.921144604701793) q[4];
ry(3.1197995676056247) q[1];
rx(4.21290526697725) q[2];
ry(1.9686888270816971) q[3];
barrier q[0],q[1],q[2],q[3],q[4];
cx q[1],q[3];
rx(5.268437037377005) q[2];
rx(0.6516563813320955) q[0];
barrier q[0],q[1],q[2],q[3],q[4];
ry(2.284989877744968) q[4];
rx(4.873897948082515) q[0];
ccx q[1],q[2],q[3];
barrier q[0],q[1],q[2],q[3],q[4];
rz(3.8866698362296552) q[4];
rx(5.812877352735773) q[1];
rz(3.8764379959263495) q[0];
ry(3.442590524198257) q[2];
barrier q[0],q[1],q[2],q[3],q[4];
ry(5.898561461946637) q[1];
rz(1.7598422922349493) q[4];
rz(4.255055784428446) q[3];
rx(5.949375458990487) q[2];
rx(0.9956125847679046) q[0];
barrier q[0],q[1],q[2],q[3],q[4];
ccx q[2],q[3],q[4];
ry(2.0084311492852343) q[0];
barrier q[0],q[1],q[2],q[3],q[4];
cx q[0],q[1];
rx(1.396544771983971) q[3];
rz(4.948778571266171) q[2];
barrier q[0],q[1],q[2],q[3],q[4];
rx(1.1239850263605387) q[2];
rx(2.3449227894432974) q[3];
cx q[1],q[4];
barrier q[0],q[1],q[2],q[3],q[4];
ry(5.35037705787864) q[4];
rx(0.7316221074596365) q[3];
rz(0.8462890223612647) q[0];
rx(4.779286326118959) q[1];
rz(5.589210629288662) q[2];
barrier q[0],q[1],q[2],q[3],q[4];
ry(0.4668484748649035) q[2];
rz(3.956890652974204) q[3];
rx(2.7376654659804918) q[0];
cx q[1],q[4];
barrier q[0],q[1],q[2],q[3],q[4];
rx(4.321856328053356) q[3];
ry(1.9501000955589645) q[0];
rz(0.2055751741236986) q[4];
cx q[1],q[2];
barrier q[0],q[1],q[2],q[3],q[4];
barrier q[0],q[1],q[2],q[3],q[4];
measure q[0] -> meas[0];
measure q[1] -> meas[1];
measure q[2] -> meas[2];
measure q[3] -> meas[3];
measure q[4] -> meas[4];","{""01000"": 13, ""10100"": 13, ""11101"": 173, ""01010"": 273, ""11000"": 22, ""11011"": 16, ""11100"": 129, ""00010"": 7, ""00110"": 12, ""01110"": 43, ""01111"": 7, ""01001"": 5, ""00000"": 9, ""00101"": 14, ""01011"": 50, ""00001"": 10, ""00011"": 5, ""10010"": 21, ""11001"": 26, ""10001"": 5, ""10011"": 11, ""01100"": 64, ""10000"": 26, ""10110"": 9, ""11010"": 10, ""00111"": 8, ""00100"": 18, ""10101"": 3, ""11111"": 6, ""01101"": 8, ""11110"": 3, ""10111"": 5}",{},circuit_images\circuit_080.png
81,"OPENQASM 2.0;
include ""qelib1.inc"";
gate mcx q0,q1,q2,q3 { h q3; p(pi/8) q0; p(pi/8) q1; p(pi/8) q2; p(pi/8) q3; cx q0,q1; p(-pi/8) q1; cx q0,q1; cx q1,q2; p(-pi/8) q2; cx q0,q2; p(pi/8) q2; cx q1,q2; p(-pi/8) q2; cx q0,q2; cx q2,q3; p(-pi/8) q3; cx q1,q3; p(pi/8) q3; cx q2,q3; p(-pi/8) q3; cx q0,q3; p(pi/8) q3; cx q2,q3; p(-pi/8) q3; cx q1,q3; p(pi/8) q3; cx q2,q3; p(-pi/8) q3; cx q0,q3; h q3; }
qreg q[5];
creg meas[5];
rz(6.031749882900755) q[2];
ry(2.118738396829893) q[4];
cx q[0],q[3];
rx(3.7771853282675405) q[1];
barrier q[0],q[1],q[2],q[3],q[4];
mcx q[0],q[1],q[3],q[4];
rz(2.8827644802570007) q[2];
barrier q[0],q[1],q[2],q[3],q[4];
rz(1.550554882614854) q[2];
cx q[0],q[4];
barrier q[0],q[1],q[2],q[3],q[4];
rz(5.964308726005549) q[1];
rx(4.246292518539389) q[4];
rx(2.826355786208569) q[3];
cx q[0],q[2];
barrier q[0],q[1],q[2],q[3],q[4];
rz(5.169358671719033) q[1];
cx q[0],q[2];
ry(2.8647299934691755) q[3];
barrier q[0],q[1],q[2],q[3],q[4];
rz(2.913212642756833) q[3];
ry(4.146029097578257) q[0];
cx q[2],q[4];
barrier q[0],q[1],q[2],q[3],q[4];
ry(0.30051838396028147) q[1];
ccx q[0],q[2],q[3];
rx(3.240899394434291) q[4];
barrier q[0],q[1],q[2],q[3],q[4];
ry(3.9617562646332205) q[2];
cx q[1],q[4];
ry(1.903834675029884) q[3];
rx(0.3846797035169938) q[0];
barrier q[0],q[1],q[2],q[3],q[4];
rx(3.62929803673227) q[4];
cx q[1],q[3];
barrier q[0],q[1],q[2],q[3],q[4];
cx q[0],q[1];
cx q[2],q[3];
rx(1.7027237448186106) q[4];
barrier q[0],q[1],q[2],q[3],q[4];
rx(3.8845402495766943) q[2];
rz(2.8050884958299025) q[1];
cx q[0],q[4];
rz(5.013380525799934) q[3];
barrier q[0],q[1],q[2],q[3],q[4];
barrier q[0],q[1],q[2],q[3],q[4];
measure q[0] -> meas[0];
measure q[1] -> meas[1];
measure q[2] -> meas[2];
measure q[3] -> meas[3];
measure q[4] -> meas[4];","{""01001"": 118, ""01010"": 128, ""10001"": 74, ""11001"": 337, ""01101"": 19, ""10110"": 10, ""01110"": 19, ""00011"": 6, ""00001"": 19, ""00010"": 27, ""11010"": 39, ""11101"": 60, ""10101"": 86, ""00101"": 28, ""10000"": 5, ""10010"": 10, ""00110"": 24, ""10100"": 1, ""11110"": 4, ""10011"": 3, ""01011"": 4, ""00111"": 1, ""11100"": 1, ""11000"": 1}",{},circuit_images\circuit_081.png
82,"OPENQASM 2.0;
include ""qelib1.inc"";
gate mcx q0,q1,q2,q3,q4 { h q4; cp(pi/2) q3,q4; h q4; h q3; t q3; cx q2,q3; tdg q3; h q3; cx q0,q3; t q3; cx q1,q3; tdg q3; cx q0,q3; t q3; cx q1,q3; tdg q3; h q3; t q3; cx q2,q3; tdg q3; h q3; h q4; cp(-pi/2) q3,q4; h q4; h q3; t q3; cx q2,q3; tdg q3; h q3; t q3; cx q1,q3; tdg q3; cx q0,q3; t q3; cx q1,q3; tdg q3; cx q0,q3; h q3; t q3; cx q2,q3; tdg q3; h q3; h q4; cp(pi/8) q0,q4; h q4; cx q0,q1; h q4; cp(-pi/8) q1,q4; h q4; cx q0,q1; h q4; cp(pi/8) q1,q4; h q4; cx q1,q2; h q4; cp(-pi/8) q2,q4; h q4; cx q0,q2; h q4; cp(pi/8) q2,q4; h q4; cx q1,q2; h q4; cp(-pi/8) q2,q4; h q4; cx q0,q2; h q4; cp(pi/8) q2,q4; h q4; }
gate mcx_2221587644336 q0,q1,q2,q3 { h q3; p(pi/8) q0; p(pi/8) q1; p(pi/8) q2; p(pi/8) q3; cx q0,q1; p(-pi/8) q1; cx q0,q1; cx q1,q2; p(-pi/8) q2; cx q0,q2; p(pi/8) q2; cx q1,q2; p(-pi/8) q2; cx q0,q2; cx q2,q3; p(-pi/8) q3; cx q1,q3; p(pi/8) q3; cx q2,q3; p(-pi/8) q3; cx q0,q3; p(pi/8) q3; cx q2,q3; p(-pi/8) q3; cx q1,q3; p(pi/8) q3; cx q2,q3; p(-pi/8) q3; cx q0,q3; h q3; }
gate mcx_2221217287584 q0,q1,q2,q3 { h q3; p(pi/8) q0; p(pi/8) q1; p(pi/8) q2; p(pi/8) q3; cx q0,q1; p(-pi/8) q1; cx q0,q1; cx q1,q2; p(-pi/8) q2; cx q0,q2; p(pi/8) q2; cx q1,q2; p(-pi/8) q2; cx q0,q2; cx q2,q3; p(-pi/8) q3; cx q1,q3; p(pi/8) q3; cx q2,q3; p(-pi/8) q3; cx q0,q3; p(pi/8) q3; cx q2,q3; p(-pi/8) q3; cx q1,q3; p(pi/8) q3; cx q2,q3; p(-pi/8) q3; cx q0,q3; h q3; }
qreg q[5];
creg meas[5];
rz(1.419721171275444) q[4];
cx q[1],q[2];
cx q[0],q[3];
barrier q[0],q[1],q[2],q[3],q[4];
rz(0.43115049484666124) q[2];
rx(6.064569022463825) q[1];
cx q[0],q[4];
barrier q[0],q[1],q[2],q[3],q[4];
mcx q[0],q[1],q[2],q[3],q[4];
barrier q[0],q[1],q[2],q[3],q[4];
ry(3.0455205659919624) q[0];
cx q[3],q[4];
rx(5.162067286984472) q[1];
barrier q[0],q[1],q[2],q[3],q[4];
rx(4.902775204965892) q[4];
rz(0.7161978709487264) q[0];
cx q[2],q[3];
ry(2.9854333368680406) q[1];
barrier q[0],q[1],q[2],q[3],q[4];
cx q[0],q[3];
ccx q[1],q[2],q[4];
barrier q[0],q[1],q[2],q[3],q[4];
rz(2.7926429138114366) q[2];
rz(0.6684042567443506) q[1];
rz(3.5910438574443897) q[0];
rz(3.772033156541787) q[3];
ry(0.042591997826788054) q[4];
barrier q[0],q[1],q[2],q[3],q[4];
rz(2.7894295631009416) q[0];
ry(5.656640898462458) q[2];
rx(2.030122062528225) q[4];
cx q[1],q[3];
barrier q[0],q[1],q[2],q[3],q[4];
cx q[0],q[4];
ry(5.277172207212548) q[2];
cx q[1],q[3];
barrier q[0],q[1],q[2],q[3],q[4];
mcx_2221587644336 q[0],q[1],q[2],q[4];
rx(1.6033701120872472) q[3];
barrier q[0],q[1],q[2],q[3],q[4];
mcx_2221217287584 q[0],q[1],q[2],q[4];
rz(4.848403288891398) q[3];
barrier q[0],q[1],q[2],q[3],q[4];
rx(3.746105872745472) q[2];
rz(0.4770282925360409) q[4];
cx q[0],q[1];
barrier q[0],q[1],q[2],q[3],q[4];
barrier q[0],q[1],q[2],q[3],q[4];
measure q[0] -> meas[0];
measure q[1] -> meas[1];
measure q[2] -> meas[2];
measure q[3] -> meas[3];
measure q[4] -> meas[4];","{""10011"": 96, ""11011"": 90, ""01101"": 11, ""10101"": 146, ""10001"": 151, ""11001"": 137, ""10111"": 101, ""11101"": 121, ""11111"": 83, ""00101"": 13, ""00011"": 9, ""01001"": 17, ""00001"": 18, ""01111"": 12, ""01011"": 10, ""01010"": 1, ""00010"": 1, ""00111"": 6, ""00000"": 1}",{},circuit_images\circuit_082.png
83,"OPENQASM 2.0;
include ""qelib1.inc"";
gate mcx q0,q1,q2,q3 { h q3; p(pi/8) q0; p(pi/8) q1; p(pi/8) q2; p(pi/8) q3; cx q0,q1; p(-pi/8) q1; cx q0,q1; cx q1,q2; p(-pi/8) q2; cx q0,q2; p(pi/8) q2; cx q1,q2; p(-pi/8) q2; cx q0,q2; cx q2,q3; p(-pi/8) q3; cx q1,q3; p(pi/8) q3; cx q2,q3; p(-pi/8) q3; cx q0,q3; p(pi/8) q3; cx q2,q3; p(-pi/8) q3; cx q1,q3; p(pi/8) q3; cx q2,q3; p(-pi/8) q3; cx q0,q3; h q3; }
qreg q[5];
creg meas[5];
cx q[0],q[2];
ry(5.951135124090431) q[3];
barrier q[0],q[1],q[2],q[3],q[4];
rx(3.8265707525958295) q[0];
rx(4.256515972436292) q[3];
ry(3.370589822427685) q[2];
ry(3.1693739200757975) q[4];
barrier q[0],q[1],q[2],q[3],q[4];
cx q[1],q[3];
cx q[0],q[2];
rx(2.1307333492335996) q[4];
barrier q[0],q[1],q[2],q[3],q[4];
rz(1.8815268823861948) q[4];
cx q[0],q[3];
ry(0.10904895023136099) q[2];
barrier q[0],q[1],q[2],q[3],q[4];
ry(2.8414540694469705) q[0];
rz(3.032201744688133) q[3];
rx(6.087014613283856) q[1];
cx q[2],q[4];
barrier q[0],q[1],q[2],q[3],q[4];
rx(5.735847413356995) q[0];
mcx q[1],q[2],q[3],q[4];
barrier q[0],q[1],q[2],q[3],q[4];
rz(2.4143685896126232) q[0];
rz(4.454894992951696) q[1];
rz(1.066085484313279) q[4];
cx q[2],q[3];
barrier q[0],q[1],q[2],q[3],q[4];
ry(4.151894076764475) q[3];
ry(5.828652973858322) q[4];
rz(3.7017940024494904) q[1];
cx q[0],q[2];
barrier q[0],q[1],q[2],q[3],q[4];
rz(5.129346921022879) q[1];
rz(1.8561308731159312) q[2];
rx(0.7967925811030206) q[4];
cx q[0],q[3];
barrier q[0],q[1],q[2],q[3],q[4];
rz(3.524500341021948) q[2];
ry(0.45334423321422096) q[3];
rz(1.3906502293530811) q[1];
ry(3.431970030746467) q[4];
ry(5.4023160665464) q[0];
barrier q[0],q[1],q[2],q[3],q[4];
rx(2.586923508581054) q[2];
cx q[0],q[4];
rz(3.624195285702479) q[3];
barrier q[0],q[1],q[2],q[3],q[4];
rz(5.570986114646458) q[4];
ccx q[1],q[2],q[3];
barrier q[0],q[1],q[2],q[3],q[4];
barrier q[0],q[1],q[2],q[3],q[4];
measure q[0] -> meas[0];
measure q[1] -> meas[1];
measure q[2] -> meas[2];
measure q[3] -> meas[3];
measure q[4] -> meas[4];","{""01100"": 81, ""00100"": 344, ""00101"": 49, ""10100"": 153, ""11101"": 102, ""00000"": 43, ""11001"": 7, ""11100"": 62, ""11000"": 16, ""10000"": 22, ""01000"": 56, ""01101"": 56, ""10001"": 16, ""01001"": 3, ""00110"": 1, ""01110"": 2, ""11111"": 2, ""00001"": 5, ""00111"": 1, ""11110"": 1, ""01111"": 1, ""10111"": 1}",{},circuit_images\circuit_083.png
84,"OPENQASM 2.0;
include ""qelib1.inc"";
qreg q[5];
creg meas[5];
rz(4.538227929661126) q[2];
rx(2.055134590392803) q[0];
cx q[1],q[4];
rz(0.8973116218087839) q[3];
barrier q[0],q[1],q[2],q[3],q[4];
rz(5.262350806406694) q[1];
ry(5.522355410876257) q[4];
rz(2.839398604638246) q[0];
cx q[2],q[3];
barrier q[0],q[1],q[2],q[3],q[4];
rz(3.793570964307683) q[2];
cx q[1],q[3];
rx(3.622475878659455) q[0];
rz(2.4194785499632983) q[4];
barrier q[0],q[1],q[2],q[3],q[4];
cx q[2],q[3];
cx q[1],q[4];
barrier q[0],q[1],q[2],q[3],q[4];
cx q[0],q[4];
barrier q[0],q[1],q[2],q[3],q[4];
ry(1.3452886814900407) q[0];
ry(2.0968742240982965) q[1];
cx q[2],q[4];
ry(3.350146987203022) q[3];
barrier q[0],q[1],q[2],q[3],q[4];
ry(3.0727310381659545) q[1];
cx q[0],q[3];
cx q[2],q[4];
barrier q[0],q[1],q[2],q[3],q[4];
cx q[1],q[2];
ry(2.362016175235652) q[0];
ry(2.3480682790398184) q[4];
rx(4.006407768797319) q[3];
barrier q[0],q[1],q[2],q[3],q[4];
cx q[0],q[3];
barrier q[0],q[1],q[2],q[3],q[4];
rx(1.4440253182446023) q[4];
rx(5.891524200283151) q[3];
cx q[1],q[2];
barrier q[0],q[1],q[2],q[3],q[4];
cx q[0],q[1];
cx q[3],q[4];
ry(5.239288208571388) q[2];
barrier q[0],q[1],q[2],q[3],q[4];
barrier q[0],q[1],q[2],q[3],q[4];
measure q[0] -> meas[0];
measure q[1] -> meas[1];
measure q[2] -> meas[2];
measure q[3] -> meas[3];
measure q[4] -> meas[4];","{""11111"": 47, ""11001"": 52, ""01000"": 204, ""01010"": 69, ""10000"": 38, ""01100"": 56, ""11011"": 162, ""10011"": 36, ""01011"": 26, ""00100"": 10, ""00011"": 48, ""01001"": 17, ""11000"": 45, ""00010"": 13, ""11101"": 18, ""00111"": 12, ""10111"": 11, ""00000"": 36, ""10001"": 14, ""10100"": 12, ""01111"": 7, ""00101"": 4, ""01110"": 21, ""00001"": 9, ""11100"": 14, ""10101"": 5, ""10110"": 5, ""01101"": 6, ""10010"": 6, ""11010"": 8, ""00110"": 9, ""11110"": 4}",{},circuit_images\circuit_084.png
85,"OPENQASM 2.0;
include ""qelib1.inc"";
gate mcx q0,q1,q2,q3,q4 { h q4; cp(pi/2) q3,q4; h q4; h q3; t q3; cx q2,q3; tdg q3; h q3; cx q0,q3; t q3; cx q1,q3; tdg q3; cx q0,q3; t q3; cx q1,q3; tdg q3; h q3; t q3; cx q2,q3; tdg q3; h q3; h q4; cp(-pi/2) q3,q4; h q4; h q3; t q3; cx q2,q3; tdg q3; h q3; t q3; cx q1,q3; tdg q3; cx q0,q3; t q3; cx q1,q3; tdg q3; cx q0,q3; h q3; t q3; cx q2,q3; tdg q3; h q3; h q4; cp(pi/8) q0,q4; h q4; cx q0,q1; h q4; cp(-pi/8) q1,q4; h q4; cx q0,q1; h q4; cp(pi/8) q1,q4; h q4; cx q1,q2; h q4; cp(-pi/8) q2,q4; h q4; cx q0,q2; h q4; cp(pi/8) q2,q4; h q4; cx q1,q2; h q4; cp(-pi/8) q2,q4; h q4; cx q0,q2; h q4; cp(pi/8) q2,q4; h q4; }
qreg q[5];
creg meas[5];
ccx q[1],q[2],q[3];
barrier q[0],q[1],q[2],q[3],q[4];
rz(4.7091917369217935) q[3];
cx q[2],q[4];
cx q[0],q[1];
barrier q[0],q[1],q[2],q[3],q[4];
mcx q[0],q[1],q[2],q[3],q[4];
barrier q[0],q[1],q[2],q[3],q[4];
rx(1.898996620430023) q[3];
rz(3.6726294821659793) q[4];
ry(1.5198881164799256) q[0];
ry(0.8345720383584014) q[1];
barrier q[0],q[1],q[2],q[3],q[4];
cx q[1],q[3];
rz(5.194214862156965) q[2];
cx q[0],q[4];
barrier q[0],q[1],q[2],q[3],q[4];
ry(1.9255597245544502) q[2];
cx q[0],q[1];
ry(5.9666677541919055) q[3];
barrier q[0],q[1],q[2],q[3],q[4];
cx q[1],q[2];
rx(0.40339026224100005) q[0];
rx(2.589606855187345) q[4];
barrier q[0],q[1],q[2],q[3],q[4];
rx(5.029779230189693) q[1];
cx q[2],q[3];
ry(3.0299451209998836) q[4];
rz(0.29128566146049123) q[0];
barrier q[0],q[1],q[2],q[3],q[4];
rx(4.458140794277851) q[2];
ry(5.168266042873713) q[0];
rz(4.598608293201565) q[4];
ry(4.134983249210826) q[1];
rz(2.9335990717503133) q[3];
barrier q[0],q[1],q[2],q[3],q[4];
rz(2.1846161065483107) q[0];
rz(3.591425992537431) q[1];
rz(5.061855042318439) q[4];
cx q[2],q[3];
barrier q[0],q[1],q[2],q[3],q[4];
barrier q[0],q[1],q[2],q[3],q[4];
measure q[0] -> meas[0];
measure q[1] -> meas[1];
measure q[2] -> meas[2];
measure q[3] -> meas[3];
measure q[4] -> meas[4];","{""10011"": 45, ""00010"": 113, ""00000"": 64, ""10111"": 56, ""10010"": 40, ""00011"": 49, ""10101"": 107, ""10000"": 23, ""00100"": 74, ""00110"": 86, ""01111"": 3, ""10100"": 21, ""11100"": 21, ""10110"": 28, ""01100"": 17, ""10001"": 79, ""11011"": 29, ""11101"": 19, ""01101"": 14, ""01010"": 21, ""11001"": 10, ""00111"": 27, ""11111"": 4, ""00001"": 18, ""00101"": 17, ""01001"": 9, ""01000"": 19, ""01110"": 5, ""11010"": 3, ""11000"": 2, ""11110"": 1}",{},circuit_images\circuit_085.png
86,"OPENQASM 2.0;
include ""qelib1.inc"";
gate mcx q0,q1,q2,q3 { h q3; p(pi/8) q0; p(pi/8) q1; p(pi/8) q2; p(pi/8) q3; cx q0,q1; p(-pi/8) q1; cx q0,q1; cx q1,q2; p(-pi/8) q2; cx q0,q2; p(pi/8) q2; cx q1,q2; p(-pi/8) q2; cx q0,q2; cx q2,q3; p(-pi/8) q3; cx q1,q3; p(pi/8) q3; cx q2,q3; p(-pi/8) q3; cx q0,q3; p(pi/8) q3; cx q2,q3; p(-pi/8) q3; cx q1,q3; p(pi/8) q3; cx q2,q3; p(-pi/8) q3; cx q0,q3; h q3; }
qreg q[5];
creg meas[5];
ccx q[0],q[1],q[4];
rx(2.805771895233686) q[3];
barrier q[0],q[1],q[2],q[3],q[4];
mcx q[0],q[2],q[3],q[4];
barrier q[0],q[1],q[2],q[3],q[4];
rx(3.4772081921970357) q[2];
ry(5.702857119367058) q[1];
cx q[3],q[4];
rx(5.215438554344291) q[0];
barrier q[0],q[1],q[2],q[3],q[4];
mcx q[0],q[1],q[2],q[4];
barrier q[0],q[1],q[2],q[3],q[4];
rx(2.3845086000848137) q[0];
ry(2.0518827687093593) q[1];
ry(0.8658528536429339) q[2];
cx q[3],q[4];
barrier q[0],q[1],q[2],q[3],q[4];
rx(3.4271161853152727) q[0];
ry(5.2331045173687905) q[1];
cx q[3],q[4];
rx(1.454308761646846) q[2];
barrier q[0],q[1],q[2],q[3],q[4];
ry(6.190147079441629) q[2];
cx q[0],q[4];
ry(3.950609138150074) q[1];
ry(4.126302001806042) q[3];
barrier q[0],q[1],q[2],q[3],q[4];
ry(0.7794169420835866) q[2];
rz(1.6823574129571723) q[0];
cx q[1],q[3];
rx(1.675982717974676) q[4];
barrier q[0],q[1],q[2],q[3],q[4];
barrier q[0],q[1],q[2],q[3],q[4];
measure q[0] -> meas[0];
measure q[1] -> meas[1];
measure q[2] -> meas[2];
measure q[3] -> meas[3];
measure q[4] -> meas[4];","{""10100"": 18, ""11001"": 32, ""10001"": 53, ""11010"": 134, ""00000"": 51, ""00010"": 69, ""01010"": 112, ""10111"": 10, ""00001"": 91, ""01001"": 14, ""01011"": 72, ""10011"": 33, ""11011"": 65, ""00011"": 11, ""10000"": 53, ""00101"": 23, ""11111"": 8, ""00100"": 9, ""10101"": 11, ""01111"": 23, ""00111"": 3, ""11110"": 32, ""01110"": 25, ""01000"": 24, ""10010"": 16, ""11101"": 5, ""11000"": 6, ""01100"": 4, ""00110"": 12, ""10110"": 3, ""11100"": 2}",{},circuit_images\circuit_086.png
87,"OPENQASM 2.0;
include ""qelib1.inc"";
gate mcx q0,q1,q2,q3,q4 { h q4; cp(pi/2) q3,q4; h q4; h q3; t q3; cx q2,q3; tdg q3; h q3; cx q0,q3; t q3; cx q1,q3; tdg q3; cx q0,q3; t q3; cx q1,q3; tdg q3; h q3; t q3; cx q2,q3; tdg q3; h q3; h q4; cp(-pi/2) q3,q4; h q4; h q3; t q3; cx q2,q3; tdg q3; h q3; t q3; cx q1,q3; tdg q3; cx q0,q3; t q3; cx q1,q3; tdg q3; cx q0,q3; h q3; t q3; cx q2,q3; tdg q3; h q3; h q4; cp(pi/8) q0,q4; h q4; cx q0,q1; h q4; cp(-pi/8) q1,q4; h q4; cx q0,q1; h q4; cp(pi/8) q1,q4; h q4; cx q1,q2; h q4; cp(-pi/8) q2,q4; h q4; cx q0,q2; h q4; cp(pi/8) q2,q4; h q4; cx q1,q2; h q4; cp(-pi/8) q2,q4; h q4; cx q0,q2; h q4; cp(pi/8) q2,q4; h q4; }
qreg q[5];
creg meas[5];
mcx q[0],q[1],q[2],q[3],q[4];
barrier q[0],q[1],q[2],q[3],q[4];
cx q[0],q[1];
rx(4.753769706949572) q[2];
ry(3.176441853266784) q[4];
rx(4.705936300726887) q[3];
barrier q[0],q[1],q[2],q[3],q[4];
rx(5.55703019578509) q[4];
ry(0.7579488219295011) q[0];
ry(5.839191383428663) q[2];
cx q[1],q[3];
barrier q[0],q[1],q[2],q[3],q[4];
cx q[0],q[3];
ry(6.111581224923898) q[4];
rz(6.092159390404235) q[1];
rx(2.8724546052646844) q[2];
barrier q[0],q[1],q[2],q[3],q[4];
rz(5.934281957359913) q[3];
ry(4.717669083784619) q[2];
ccx q[0],q[1],q[4];
barrier q[0],q[1],q[2],q[3],q[4];
cx q[0],q[3];
cx q[2],q[4];
rz(5.983233120809191) q[1];
barrier q[0],q[1],q[2],q[3],q[4];
rx(4.046233904693175) q[0];
rx(3.2242604833955073) q[2];
ccx q[1],q[3],q[4];
barrier q[0],q[1],q[2],q[3],q[4];
cx q[0],q[1];
ry(2.6862030312634557) q[3];
cx q[2],q[4];
barrier q[0],q[1],q[2],q[3],q[4];
cx q[0],q[1];
ry(2.5446402125213106) q[4];
barrier q[0],q[1],q[2],q[3],q[4];
rz(4.0103499178646285) q[3];
ry(3.4952315844860564) q[1];
ry(1.9262583832719538) q[2];
rx(1.5187869967806888) q[4];
ry(3.353118424789816) q[0];
barrier q[0],q[1],q[2],q[3],q[4];
cx q[2],q[3];
rz(3.212927842684203) q[0];
rx(3.6659925014976364) q[1];
rz(1.1495137340295853) q[4];
barrier q[0],q[1],q[2],q[3],q[4];
rz(2.434157770625132) q[0];
cx q[1],q[3];
rx(4.413786321136466) q[2];
rz(1.3203349282094654) q[4];
barrier q[0],q[1],q[2],q[3],q[4];
ccx q[2],q[3],q[4];
rz(0.4276938430865924) q[1];
ry(4.973835281013055) q[0];
barrier q[0],q[1],q[2],q[3],q[4];
rz(1.1370326289233035) q[1];
ry(1.5527438848051542) q[0];
cx q[3],q[4];
barrier q[0],q[1],q[2],q[3],q[4];
barrier q[0],q[1],q[2],q[3],q[4];
measure q[0] -> meas[0];
measure q[1] -> meas[1];
measure q[2] -> meas[2];
measure q[3] -> meas[3];
measure q[4] -> meas[4];","{""00100"": 286, ""01100"": 288, ""10001"": 8, ""00000"": 22, ""11100"": 55, ""00101"": 59, ""10100"": 64, ""00110"": 27, ""11101"": 16, ""01110"": 23, ""01101"": 83, ""10000"": 9, ""00010"": 1, ""00001"": 22, ""01111"": 6, ""10101"": 18, ""11001"": 5, ""11010"": 3, ""11110"": 6, ""11000"": 2, ""01000"": 4, ""00111"": 8, ""00011"": 1, ""10110"": 5, ""10011"": 1, ""10010"": 1, ""11111"": 1}",{},circuit_images\circuit_087.png
88,"OPENQASM 2.0;
include ""qelib1.inc"";
gate mcx q0,q1,q2,q3 { h q3; p(pi/8) q0; p(pi/8) q1; p(pi/8) q2; p(pi/8) q3; cx q0,q1; p(-pi/8) q1; cx q0,q1; cx q1,q2; p(-pi/8) q2; cx q0,q2; p(pi/8) q2; cx q1,q2; p(-pi/8) q2; cx q0,q2; cx q2,q3; p(-pi/8) q3; cx q1,q3; p(pi/8) q3; cx q2,q3; p(-pi/8) q3; cx q0,q3; p(pi/8) q3; cx q2,q3; p(-pi/8) q3; cx q1,q3; p(pi/8) q3; cx q2,q3; p(-pi/8) q3; cx q0,q3; h q3; }
qreg q[5];
creg meas[5];
rz(0.26276215521443747) q[4];
rx(4.402538781127909) q[3];
ccx q[0],q[1],q[2];
barrier q[0],q[1],q[2],q[3],q[4];
ry(4.686309736637385) q[4];
ccx q[1],q[2],q[3];
barrier q[0],q[1],q[2],q[3],q[4];
rx(5.002601309056186) q[4];
rx(4.089228510342419) q[0];
cx q[1],q[3];
barrier q[0],q[1],q[2],q[3],q[4];
ry(4.385264114021205) q[4];
cx q[0],q[1];
rz(4.767794256724804) q[3];
barrier q[0],q[1],q[2],q[3],q[4];
rz(3.997271047613015) q[4];
cx q[0],q[2];
cx q[1],q[3];
barrier q[0],q[1],q[2],q[3],q[4];
rz(5.808375407454847) q[2];
ccx q[1],q[3],q[4];
ry(4.583221296345681) q[0];
barrier q[0],q[1],q[2],q[3],q[4];
cx q[2],q[4];
rx(3.221622885611981) q[0];
barrier q[0],q[1],q[2],q[3],q[4];
rz(3.530220547838862) q[0];
ccx q[2],q[3],q[4];
ry(4.828495574339064) q[1];
barrier q[0],q[1],q[2],q[3],q[4];
cx q[2],q[3];
cx q[0],q[1];
barrier q[0],q[1],q[2],q[3],q[4];
ry(4.914728793286998) q[3];
mcx q[0],q[1],q[2],q[4];
barrier q[0],q[1],q[2],q[3],q[4];
rx(4.9666513955954645) q[3];
cx q[0],q[4];
rz(5.7249134426991475) q[1];
rz(4.746427722927626) q[2];
barrier q[0],q[1],q[2],q[3],q[4];
rx(1.736293752701874) q[4];
rz(6.191590326644428) q[3];
rz(4.995685692891766) q[2];
barrier q[0],q[1],q[2],q[3],q[4];
mcx q[0],q[1],q[2],q[3];
ry(6.1699917929955435) q[4];
barrier q[0],q[1],q[2],q[3],q[4];
cx q[2],q[3];
rx(3.6659716203141404) q[1];
cx q[0],q[4];
barrier q[0],q[1],q[2],q[3],q[4];
rz(0.6793523466669157) q[1];
ry(5.725600776462692) q[2];
ccx q[0],q[3],q[4];
barrier q[0],q[1],q[2],q[3],q[4];
barrier q[0],q[1],q[2],q[3],q[4];
measure q[0] -> meas[0];
measure q[1] -> meas[1];
measure q[2] -> meas[2];
measure q[3] -> meas[3];
measure q[4] -> meas[4];","{""10011"": 38, ""10111"": 31, ""11101"": 76, ""10110"": 13, ""11111"": 52, ""00111"": 71, ""00100"": 45, ""10010"": 44, ""01111"": 82, ""10101"": 64, ""11110"": 44, ""00110"": 33, ""00101"": 41, ""11000"": 17, ""11100"": 56, ""01100"": 62, ""01110"": 28, ""10100"": 56, ""00001"": 9, ""01010"": 14, ""01000"": 17, ""01011"": 18, ""11001"": 10, ""11010"": 18, ""00011"": 10, ""01101"": 22, ""00010"": 14, ""00000"": 25, ""01001"": 5, ""10001"": 4, ""10000"": 1, ""11011"": 4}",{},circuit_images\circuit_088.png
89,"OPENQASM 2.0;
include ""qelib1.inc"";
qreg q[5];
creg meas[5];
rz(3.5103498751981648) q[1];
ry(0.8170708481746746) q[2];
cx q[3],q[4];
barrier q[0],q[1],q[2],q[3],q[4];
cx q[0],q[3];
rx(3.025780955028176) q[2];
rz(4.6008807042348305) q[4];
rz(3.77590415813689) q[1];
barrier q[0],q[1],q[2],q[3],q[4];
ry(3.4793247001531524) q[3];
rz(6.016012830641733) q[2];
ry(0.22500404911771993) q[1];
rx(0.7587538658491293) q[4];
rz(0.7360624712247043) q[0];
barrier q[0],q[1],q[2],q[3],q[4];
rx(2.53545567013701) q[2];
rx(4.269954641910608) q[4];
ry(0.4711622529918763) q[0];
rz(4.671067799801531) q[1];
barrier q[0],q[1],q[2],q[3],q[4];
ry(0.482047851745558) q[1];
rz(5.635815149421576) q[3];
rx(3.2686045371828243) q[4];
rz(1.6856493885223143) q[2];
rx(0.805168908927639) q[0];
barrier q[0],q[1],q[2],q[3],q[4];
barrier q[0],q[1],q[2],q[3],q[4];
measure q[0] -> meas[0];
measure q[1] -> meas[1];
measure q[2] -> meas[2];
measure q[3] -> meas[3];
measure q[4] -> meas[4];","{""01100"": 65, ""11000"": 391, ""11110"": 10, ""11100"": 153, ""01000"": 149, ""11010"": 30, ""11001"": 85, ""11101"": 32, ""01101"": 16, ""10001"": 6, ""10000"": 11, ""01001"": 29, ""00011"": 1, ""10100"": 5, ""01010"": 12, ""00100"": 2, ""11011"": 9, ""01111"": 2, ""11111"": 2, ""00000"": 5, ""01110"": 5, ""00001"": 4}",{},circuit_images\circuit_089.png
90,"OPENQASM 2.0;
include ""qelib1.inc"";
gate mcx q0,q1,q2,q3 { h q3; p(pi/8) q0; p(pi/8) q1; p(pi/8) q2; p(pi/8) q3; cx q0,q1; p(-pi/8) q1; cx q0,q1; cx q1,q2; p(-pi/8) q2; cx q0,q2; p(pi/8) q2; cx q1,q2; p(-pi/8) q2; cx q0,q2; cx q2,q3; p(-pi/8) q3; cx q1,q3; p(pi/8) q3; cx q2,q3; p(-pi/8) q3; cx q0,q3; p(pi/8) q3; cx q2,q3; p(-pi/8) q3; cx q1,q3; p(pi/8) q3; cx q2,q3; p(-pi/8) q3; cx q0,q3; h q3; }
qreg q[5];
creg meas[5];
rx(1.1948528028654974) q[2];
rx(3.124303118953833) q[4];
ry(4.278796028691989) q[0];
rz(0.9136356448319684) q[1];
rz(2.3194653639425655) q[3];
barrier q[0],q[1],q[2],q[3],q[4];
cx q[1],q[2];
ry(3.46848539813571) q[4];
rz(4.204955746742853) q[3];
barrier q[0],q[1],q[2],q[3],q[4];
rx(2.765506721444728) q[1];
rx(1.3786220905140478) q[2];
cx q[0],q[4];
ry(1.938144713758406) q[3];
barrier q[0],q[1],q[2],q[3],q[4];
rx(0.5105484222011692) q[2];
mcx q[0],q[1],q[3],q[4];
barrier q[0],q[1],q[2],q[3],q[4];
cx q[0],q[1];
barrier q[0],q[1],q[2],q[3],q[4];
rz(0.6405933394811915) q[2];
cx q[1],q[3];
ry(4.46276285166495) q[0];
barrier q[0],q[1],q[2],q[3],q[4];
cx q[1],q[2];
ry(3.2671578039458056) q[3];
cx q[0],q[4];
barrier q[0],q[1],q[2],q[3],q[4];
ry(0.13187751765051825) q[4];
cx q[0],q[2];
ry(2.088414196224449) q[1];
rz(0.9385780715315006) q[3];
barrier q[0],q[1],q[2],q[3],q[4];
cx q[1],q[4];
cx q[0],q[2];
barrier q[0],q[1],q[2],q[3],q[4];
ry(0.4263240579386521) q[2];
rz(3.6456772205612196) q[0];
rz(4.126410578628836) q[1];
cx q[3],q[4];
barrier q[0],q[1],q[2],q[3],q[4];
ry(2.587112017237846) q[3];
cx q[0],q[1];
rz(1.9886266958061218) q[2];
ry(2.8739093568294125) q[4];
barrier q[0],q[1],q[2],q[3],q[4];
rz(4.793509565992749) q[4];
rx(3.0262543066461807) q[0];
cx q[2],q[3];
ry(5.202037814846801) q[1];
barrier q[0],q[1],q[2],q[3],q[4];
ry(0.8959227691495376) q[0];
rz(2.8739558815521415) q[1];
rz(4.677881134618816) q[2];
barrier q[0],q[1],q[2],q[3],q[4];
barrier q[0],q[1],q[2],q[3],q[4];
measure q[0] -> meas[0];
measure q[1] -> meas[1];
measure q[2] -> meas[2];
measure q[3] -> meas[3];
measure q[4] -> meas[4];","{""11100"": 85, ""01011"": 59, ""10101"": 17, ""11110"": 29, ""00111"": 108, ""11111"": 46, ""10100"": 96, ""10111"": 69, ""00101"": 44, ""01111"": 115, ""01101"": 33, ""01001"": 9, ""00010"": 3, ""10011"": 53, ""11101"": 24, ""01010"": 22, ""10010"": 32, ""00001"": 53, ""10001"": 20, ""10110"": 25, ""10000"": 14, ""00000"": 23, ""00011"": 2, ""11001"": 13, ""11011"": 1, ""01100"": 12, ""01110"": 1, ""11000"": 3, ""01000"": 9, ""00100"": 1, ""00110"": 2, ""11010"": 1}",{},circuit_images\circuit_090.png
91,"OPENQASM 2.0;
include ""qelib1.inc"";
gate mcx q0,q1,q2,q3,q4 { h q4; cp(pi/2) q3,q4; h q4; h q3; t q3; cx q2,q3; tdg q3; h q3; cx q0,q3; t q3; cx q1,q3; tdg q3; cx q0,q3; t q3; cx q1,q3; tdg q3; h q3; t q3; cx q2,q3; tdg q3; h q3; h q4; cp(-pi/2) q3,q4; h q4; h q3; t q3; cx q2,q3; tdg q3; h q3; t q3; cx q1,q3; tdg q3; cx q0,q3; t q3; cx q1,q3; tdg q3; cx q0,q3; h q3; t q3; cx q2,q3; tdg q3; h q3; h q4; cp(pi/8) q0,q4; h q4; cx q0,q1; h q4; cp(-pi/8) q1,q4; h q4; cx q0,q1; h q4; cp(pi/8) q1,q4; h q4; cx q1,q2; h q4; cp(-pi/8) q2,q4; h q4; cx q0,q2; h q4; cp(pi/8) q2,q4; h q4; cx q1,q2; h q4; cp(-pi/8) q2,q4; h q4; cx q0,q2; h q4; cp(pi/8) q2,q4; h q4; }
qreg q[5];
creg meas[5];
rz(2.6153606621037717) q[3];
rz(0.8302702381501074) q[0];
barrier q[0],q[1],q[2],q[3],q[4];
ry(3.1848881956703248) q[0];
rz(5.713157814186892) q[3];
rx(3.2705627274112787) q[2];
rx(4.014955120389487) q[1];
barrier q[0],q[1],q[2],q[3],q[4];
rz(1.8558404770610148) q[3];
ry(2.596515033692243) q[1];
cx q[2],q[4];
barrier q[0],q[1],q[2],q[3],q[4];
ccx q[1],q[3],q[4];
cx q[0],q[2];
barrier q[0],q[1],q[2],q[3],q[4];
ry(2.607042533082558) q[4];
rz(2.4231494893557564) q[0];
rx(0.9967372915002366) q[1];
cx q[2],q[3];
barrier q[0],q[1],q[2],q[3],q[4];
mcx q[0],q[1],q[2],q[3],q[4];
barrier q[0],q[1],q[2],q[3],q[4];
ccx q[0],q[1],q[4];
barrier q[0],q[1],q[2],q[3],q[4];
rx(3.263699645247821) q[1];
ccx q[2],q[3],q[4];
rz(3.9664287798549664) q[0];
barrier q[0],q[1],q[2],q[3],q[4];
cx q[0],q[1];
cx q[3],q[4];
barrier q[0],q[1],q[2],q[3],q[4];
rz(5.571893996922161) q[2];
ry(2.7242116824065277) q[3];
cx q[0],q[4];
rz(2.870733475788343) q[1];
barrier q[0],q[1],q[2],q[3],q[4];
ry(3.607057653551042) q[1];
ry(3.06969078822786) q[2];
rx(1.3074159706572768) q[3];
cx q[0],q[4];
barrier q[0],q[1],q[2],q[3],q[4];
rx(3.8302403772133533) q[0];
cx q[1],q[2];
rx(4.119761249918289) q[4];
barrier q[0],q[1],q[2],q[3],q[4];
barrier q[0],q[1],q[2],q[3],q[4];
measure q[0] -> meas[0];
measure q[1] -> meas[1];
measure q[2] -> meas[2];
measure q[3] -> meas[3];
measure q[4] -> meas[4];","{""11010"": 399, ""11011"": 49, ""10010"": 249, ""10011"": 30, ""11100"": 15, ""00010"": 81, ""01010"": 139, ""10100"": 4, ""00011"": 12, ""01100"": 8, ""01011"": 19, ""01101"": 3, ""00100"": 4, ""00101"": 2, ""01110"": 2, ""10101"": 2, ""11110"": 1, ""11101"": 3, ""00000"": 1, ""10001"": 1}",{},circuit_images\circuit_091.png
92,"OPENQASM 2.0;
include ""qelib1.inc"";
qreg q[5];
creg meas[5];
rz(6.030051431365194) q[3];
rz(1.4564935433933843) q[4];
rz(5.048331683590433) q[1];
rx(3.5216426681035924) q[2];
rx(0.7086105410657874) q[0];
barrier q[0],q[1],q[2],q[3],q[4];
rx(6.141862479605395) q[1];
rz(4.315802325598649) q[4];
cx q[0],q[2];
barrier q[0],q[1],q[2],q[3],q[4];
rz(4.510660042875647) q[0];
rx(3.144218980298783) q[1];
rz(3.0723291798574617) q[3];
rz(0.03522768193455685) q[4];
rz(1.4744786780619117) q[2];
barrier q[0],q[1],q[2],q[3],q[4];
ccx q[1],q[3],q[4];
barrier q[0],q[1],q[2],q[3],q[4];
ry(3.0243561390873737) q[4];
rz(2.5206582087256555) q[2];
ry(4.337725983784798) q[3];
rx(5.139946343414285) q[1];
barrier q[0],q[1],q[2],q[3],q[4];
ry(2.4785233641214797) q[2];
ccx q[0],q[3],q[4];
barrier q[0],q[1],q[2],q[3],q[4];
cx q[2],q[4];
ccx q[0],q[1],q[3];
barrier q[0],q[1],q[2],q[3],q[4];
ry(2.5576066930892956) q[4];
cx q[1],q[2];
rx(2.6504937893569984) q[0];
rz(4.629606718622733) q[3];
barrier q[0],q[1],q[2],q[3],q[4];
barrier q[0],q[1],q[2],q[3],q[4];
measure q[0] -> meas[0];
measure q[1] -> meas[1];
measure q[2] -> meas[2];
measure q[3] -> meas[3];
measure q[4] -> meas[4];","{""01001"": 141, ""10111"": 25, ""01111"": 266, ""11011"": 70, ""00111"": 109, ""11111"": 42, ""11010"": 32, ""01000"": 9, ""00001"": 55, ""00000"": 13, ""10010"": 14, ""00010"": 31, ""11001"": 17, ""10110"": 5, ""10011"": 23, ""11101"": 56, ""00011"": 11, ""10101"": 37, ""01010"": 5, ""00110"": 6, ""01100"": 24, ""10001"": 8, ""11000"": 10, ""10100"": 5, ""01011"": 5, ""00101"": 1, ""01110"": 4}",{},circuit_images\circuit_092.png
93,"OPENQASM 2.0;
include ""qelib1.inc"";
qreg q[5];
creg meas[5];
rx(4.87193191284902) q[3];
ry(2.696441949539816) q[0];
cx q[1],q[4];
ry(0.468099926162228) q[2];
barrier q[0],q[1],q[2],q[3],q[4];
rx(5.748117300886062) q[2];
rz(2.458032976387884) q[1];
barrier q[0],q[1],q[2],q[3],q[4];
ry(6.119846299038755) q[2];
ry(4.490080482565198) q[1];
rz(4.625157651225257) q[4];
cx q[0],q[3];
barrier q[0],q[1],q[2],q[3],q[4];
rz(4.670274012761341) q[1];
rz(3.9724140140951048) q[0];
cx q[2],q[3];
rz(1.2632076474150518) q[4];
barrier q[0],q[1],q[2],q[3],q[4];
cx q[0],q[3];
ry(3.0804065970076673) q[1];
ry(6.231178969235289) q[2];
barrier q[0],q[1],q[2],q[3],q[4];
cx q[1],q[3];
ry(5.483945407391218) q[2];
ry(2.735254464308155) q[0];
rx(5.9143468856260215) q[4];
barrier q[0],q[1],q[2],q[3],q[4];
ccx q[1],q[3],q[4];
cx q[0],q[2];
barrier q[0],q[1],q[2],q[3],q[4];
barrier q[0],q[1],q[2],q[3],q[4];
measure q[0] -> meas[0];
measure q[1] -> meas[1];
measure q[2] -> meas[2];
measure q[3] -> meas[3];
measure q[4] -> meas[4];","{""11010"": 140, ""01000"": 250, ""00000"": 198, ""00101"": 5, ""01101"": 7, ""00100"": 132, ""00010"": 150, ""11111"": 4, ""11110"": 76, ""11011"": 6, ""01100"": 10, ""10010"": 5, ""00001"": 5, ""11000"": 9, ""01110"": 3, ""10100"": 6, ""01010"": 5, ""00111"": 3, ""00110"": 7, ""10000"": 3}",{},circuit_images\circuit_093.png
94,"OPENQASM 2.0;
include ""qelib1.inc"";
gate mcx q0,q1,q2,q3 { h q3; p(pi/8) q0; p(pi/8) q1; p(pi/8) q2; p(pi/8) q3; cx q0,q1; p(-pi/8) q1; cx q0,q1; cx q1,q2; p(-pi/8) q2; cx q0,q2; p(pi/8) q2; cx q1,q2; p(-pi/8) q2; cx q0,q2; cx q2,q3; p(-pi/8) q3; cx q1,q3; p(pi/8) q3; cx q2,q3; p(-pi/8) q3; cx q0,q3; p(pi/8) q3; cx q2,q3; p(-pi/8) q3; cx q1,q3; p(pi/8) q3; cx q2,q3; p(-pi/8) q3; cx q0,q3; h q3; }
qreg q[5];
creg meas[5];
ry(1.9823337000847376) q[4];
rz(1.9899864410242796) q[0];
rz(5.359593812627981) q[3];
cx q[1],q[2];
barrier q[0],q[1],q[2],q[3],q[4];
ry(2.157862211114114) q[3];
cx q[1],q[4];
ry(0.9539025950262611) q[2];
barrier q[0],q[1],q[2],q[3],q[4];
ry(2.483366068649744) q[4];
ry(0.5891941394412388) q[1];
ry(3.8231398633474156) q[3];
cx q[0],q[2];
barrier q[0],q[1],q[2],q[3],q[4];
ry(1.4600212650009223) q[1];
rx(1.1377979664718123) q[4];
ccx q[0],q[2],q[3];
barrier q[0],q[1],q[2],q[3],q[4];
mcx q[1],q[2],q[3],q[4];
ry(3.622460044791392) q[0];
barrier q[0],q[1],q[2],q[3],q[4];
ccx q[0],q[1],q[3];
cx q[2],q[4];
barrier q[0],q[1],q[2],q[3],q[4];
rz(5.066079226508802) q[0];
rz(2.8750380734780645) q[4];
cx q[1],q[2];
ry(5.8341681655761395) q[3];
barrier q[0],q[1],q[2],q[3],q[4];
rz(6.079676440303145) q[0];
cx q[2],q[4];
cx q[1],q[3];
barrier q[0],q[1],q[2],q[3],q[4];
rx(0.7863214885527315) q[3];
ry(3.5712483207788672) q[2];
rz(1.9185932689949905) q[1];
ry(5.357145748644668) q[4];
rz(0.3275129976526166) q[0];
barrier q[0],q[1],q[2],q[3],q[4];
ry(3.831809442478869) q[0];
ry(3.9231896983515138) q[3];
ry(4.081083695584895) q[2];
ry(0.9692837239983667) q[4];
ry(1.0620558699448177) q[1];
barrier q[0],q[1],q[2],q[3],q[4];
ccx q[0],q[2],q[4];
ry(0.8764716163899492) q[1];
barrier q[0],q[1],q[2],q[3],q[4];
cx q[2],q[4];
cx q[1],q[3];
barrier q[0],q[1],q[2],q[3],q[4];
rz(3.8183717142291314) q[0];
cx q[2],q[4];
ry(4.500521159445732) q[1];
rx(4.613823510190408) q[3];
barrier q[0],q[1],q[2],q[3],q[4];
ry(1.8427510791041715) q[3];
rz(3.9232817863698948) q[1];
cx q[0],q[2];
barrier q[0],q[1],q[2],q[3],q[4];
barrier q[0],q[1],q[2],q[3],q[4];
measure q[0] -> meas[0];
measure q[1] -> meas[1];
measure q[2] -> meas[2];
measure q[3] -> meas[3];
measure q[4] -> meas[4];","{""01000"": 25, ""00000"": 204, ""11010"": 56, ""00010"": 45, ""10000"": 239, ""01010"": 58, ""00111"": 28, ""00100"": 51, ""10100"": 30, ""00101"": 43, ""01101"": 6, ""11101"": 11, ""11111"": 5, ""11000"": 30, ""10101"": 39, ""10001"": 10, ""10010"": 38, ""10111"": 22, ""11110"": 20, ""01110"": 37, ""10110"": 11, ""11011"": 1, ""00110"": 1, ""00001"": 4, ""01011"": 2, ""11100"": 2, ""01100"": 3, ""11001"": 1, ""01001"": 1, ""01111"": 1}",{},circuit_images\circuit_094.png
95,"OPENQASM 2.0;
include ""qelib1.inc"";
gate mcx q0,q1,q2,q3 { h q3; p(pi/8) q0; p(pi/8) q1; p(pi/8) q2; p(pi/8) q3; cx q0,q1; p(-pi/8) q1; cx q0,q1; cx q1,q2; p(-pi/8) q2; cx q0,q2; p(pi/8) q2; cx q1,q2; p(-pi/8) q2; cx q0,q2; cx q2,q3; p(-pi/8) q3; cx q1,q3; p(pi/8) q3; cx q2,q3; p(-pi/8) q3; cx q0,q3; p(pi/8) q3; cx q2,q3; p(-pi/8) q3; cx q1,q3; p(pi/8) q3; cx q2,q3; p(-pi/8) q3; cx q0,q3; h q3; }
qreg q[5];
creg meas[5];
cx q[0],q[3];
ry(0.2172441387595921) q[1];
rz(5.231224773539984) q[4];
rz(4.780943773005928) q[2];
barrier q[0],q[1],q[2],q[3],q[4];
rz(3.510221223332856) q[4];
cx q[0],q[3];
ry(1.4482654668494663) q[2];
ry(1.2318154330044866) q[1];
barrier q[0],q[1],q[2],q[3],q[4];
ry(1.020032949111533) q[3];
cx q[0],q[4];
rz(5.2442404937619145) q[1];
rz(0.723948298075877) q[2];
barrier q[0],q[1],q[2],q[3],q[4];
rz(1.0127640031626908) q[3];
mcx q[0],q[1],q[2],q[4];
barrier q[0],q[1],q[2],q[3],q[4];
ry(2.08891732428286) q[2];
ry(0.2539373721589624) q[4];
cx q[1],q[3];
barrier q[0],q[1],q[2],q[3],q[4];
rz(2.619461182446166) q[4];
rx(2.8757080410443963) q[3];
rz(0.5270693163093482) q[1];
rz(3.1723760230111733) q[0];
barrier q[0],q[1],q[2],q[3],q[4];
rx(4.833401354685268) q[2];
cx q[1],q[3];
rz(5.4466097962528375) q[0];
barrier q[0],q[1],q[2],q[3],q[4];
mcx q[1],q[2],q[3],q[4];
barrier q[0],q[1],q[2],q[3],q[4];
cx q[2],q[4];
barrier q[0],q[1],q[2],q[3],q[4];
ry(1.6882192226328732) q[4];
ry(4.33644298825066) q[1];
ry(2.018807895845083) q[2];
rz(5.544746492697009) q[3];
barrier q[0],q[1],q[2],q[3],q[4];
ry(1.1020329314002095) q[0];
cx q[1],q[2];
rx(3.952168052578497) q[3];
ry(6.005267447717051) q[4];
barrier q[0],q[1],q[2],q[3],q[4];
cx q[0],q[2];
ry(4.236491698043644) q[4];
rz(2.6112426987425654) q[3];
barrier q[0],q[1],q[2],q[3],q[4];
cx q[2],q[3];
cx q[1],q[4];
barrier q[0],q[1],q[2],q[3],q[4];
rx(3.49573980206493) q[4];
rx(3.2302273205729732) q[0];
rx(2.779435358541498) q[3];
barrier q[0],q[1],q[2],q[3],q[4];
cx q[0],q[1];
cx q[3],q[4];
rz(3.0133092257109246) q[2];
barrier q[0],q[1],q[2],q[3],q[4];
barrier q[0],q[1],q[2],q[3],q[4];
measure q[0] -> meas[0];
measure q[1] -> meas[1];
measure q[2] -> meas[2];
measure q[3] -> meas[3];
measure q[4] -> meas[4];","{""00100"": 27, ""11011"": 62, ""00011"": 53, ""11111"": 26, ""10000"": 2, ""01010"": 61, ""01001"": 96, ""01011"": 182, ""10100"": 57, ""01101"": 28, ""10111"": 42, ""11001"": 18, ""10101"": 163, ""11000"": 17, ""10010"": 6, ""01000"": 16, ""11100"": 24, ""10110"": 31, ""00111"": 54, ""10001"": 7, ""00000"": 14, ""00110"": 6, ""10011"": 11, ""01100"": 4, ""00010"": 4, ""00001"": 2, ""01111"": 5, ""01110"": 4, ""11101"": 1, ""11110"": 1}",{},circuit_images\circuit_095.png
96,"OPENQASM 2.0;
include ""qelib1.inc"";
gate mcx q0,q1,q2,q3 { h q3; p(pi/8) q0; p(pi/8) q1; p(pi/8) q2; p(pi/8) q3; cx q0,q1; p(-pi/8) q1; cx q0,q1; cx q1,q2; p(-pi/8) q2; cx q0,q2; p(pi/8) q2; cx q1,q2; p(-pi/8) q2; cx q0,q2; cx q2,q3; p(-pi/8) q3; cx q1,q3; p(pi/8) q3; cx q2,q3; p(-pi/8) q3; cx q0,q3; p(pi/8) q3; cx q2,q3; p(-pi/8) q3; cx q1,q3; p(pi/8) q3; cx q2,q3; p(-pi/8) q3; cx q0,q3; h q3; }
qreg q[5];
creg meas[5];
cx q[1],q[4];
rz(2.8594590917415137) q[0];
rz(2.356096893104579) q[3];
rx(4.7791452981279345) q[2];
barrier q[0],q[1],q[2],q[3],q[4];
cx q[0],q[1];
cx q[2],q[3];
ry(1.926535030574332) q[4];
barrier q[0],q[1],q[2],q[3],q[4];
ry(1.3020635180885858) q[0];
rz(3.2128438216685336) q[2];
rz(1.304138096451136) q[4];
rx(2.7396964010716425) q[1];
ry(0.6794335911494123) q[3];
barrier q[0],q[1],q[2],q[3],q[4];
rz(5.30869728027048) q[4];
cx q[0],q[3];
rz(0.6331270756418595) q[1];
ry(4.946732508574014) q[2];
barrier q[0],q[1],q[2],q[3],q[4];
rx(3.935258149939924) q[4];
cx q[0],q[3];
rx(2.3572434881056354) q[2];
barrier q[0],q[1],q[2],q[3],q[4];
rx(3.1261447424583992) q[2];
ccx q[0],q[1],q[3];
rz(3.228760157500066) q[4];
barrier q[0],q[1],q[2],q[3],q[4];
rx(4.19930471956681) q[2];
mcx q[0],q[1],q[3],q[4];
barrier q[0],q[1],q[2],q[3],q[4];
mcx q[1],q[2],q[3],q[4];
rx(5.231471474179693) q[0];
barrier q[0],q[1],q[2],q[3],q[4];
rx(4.916677861629993) q[0];
ry(4.115429610664869) q[4];
ry(5.43405437273194) q[1];
ry(3.1910442511979245) q[2];
rx(1.0828444047564934) q[3];
barrier q[0],q[1],q[2],q[3],q[4];
rx(1.4434004623700913) q[0];
rz(0.05575033463253198) q[4];
rz(4.151928608168684) q[3];
barrier q[0],q[1],q[2],q[3],q[4];
rx(3.523803606582787) q[2];
ry(5.217580506251697) q[4];
rx(0.9264207217610939) q[0];
cx q[1],q[3];
barrier q[0],q[1],q[2],q[3],q[4];
mcx q[1],q[2],q[3],q[4];
barrier q[0],q[1],q[2],q[3],q[4];
ccx q[0],q[1],q[3];
cx q[2],q[4];
barrier q[0],q[1],q[2],q[3],q[4];
ry(5.136681908236004) q[1];
rz(0.5311014884100699) q[2];
ry(5.914965231931495) q[3];
rx(5.746517918623499) q[4];
barrier q[0],q[1],q[2],q[3],q[4];
cx q[0],q[4];
ccx q[1],q[2],q[3];
barrier q[0],q[1],q[2],q[3],q[4];
barrier q[0],q[1],q[2],q[3],q[4];
measure q[0] -> meas[0];
measure q[1] -> meas[1];
measure q[2] -> meas[2];
measure q[3] -> meas[3];
measure q[4] -> meas[4];","{""10001"": 65, ""11010"": 70, ""00000"": 81, ""10100"": 45, ""10110"": 71, ""01111"": 36, ""10000"": 85, ""11000"": 48, ""01010"": 69, ""00101"": 75, ""10101"": 58, ""00010"": 11, ""10011"": 19, ""00100"": 25, ""01101"": 10, ""01011"": 4, ""01000"": 33, ""00001"": 47, ""01100"": 14, ""00110"": 87, ""01110"": 2, ""11101"": 15, ""11111"": 18, ""00011"": 10, ""11100"": 11, ""01001"": 4, ""11110"": 2, ""10010"": 8, ""00111"": 1}",{},circuit_images\circuit_096.png
97,"OPENQASM 2.0;
include ""qelib1.inc"";
gate mcx q0,q1,q2,q3,q4 { h q4; cp(pi/2) q3,q4; h q4; h q3; t q3; cx q2,q3; tdg q3; h q3; cx q0,q3; t q3; cx q1,q3; tdg q3; cx q0,q3; t q3; cx q1,q3; tdg q3; h q3; t q3; cx q2,q3; tdg q3; h q3; h q4; cp(-pi/2) q3,q4; h q4; h q3; t q3; cx q2,q3; tdg q3; h q3; t q3; cx q1,q3; tdg q3; cx q0,q3; t q3; cx q1,q3; tdg q3; cx q0,q3; h q3; t q3; cx q2,q3; tdg q3; h q3; h q4; cp(pi/8) q0,q4; h q4; cx q0,q1; h q4; cp(-pi/8) q1,q4; h q4; cx q0,q1; h q4; cp(pi/8) q1,q4; h q4; cx q1,q2; h q4; cp(-pi/8) q2,q4; h q4; cx q0,q2; h q4; cp(pi/8) q2,q4; h q4; cx q1,q2; h q4; cp(-pi/8) q2,q4; h q4; cx q0,q2; h q4; cp(pi/8) q2,q4; h q4; }
gate mcx_2222746150688 q0,q1,q2,q3 { h q3; p(pi/8) q0; p(pi/8) q1; p(pi/8) q2; p(pi/8) q3; cx q0,q1; p(-pi/8) q1; cx q0,q1; cx q1,q2; p(-pi/8) q2; cx q0,q2; p(pi/8) q2; cx q1,q2; p(-pi/8) q2; cx q0,q2; cx q2,q3; p(-pi/8) q3; cx q1,q3; p(pi/8) q3; cx q2,q3; p(-pi/8) q3; cx q0,q3; p(pi/8) q3; cx q2,q3; p(-pi/8) q3; cx q1,q3; p(pi/8) q3; cx q2,q3; p(-pi/8) q3; cx q0,q3; h q3; }
qreg q[5];
creg meas[5];
ry(2.1983578783995354) q[4];
rz(1.8166221484416532) q[0];
rz(1.1844005081181592) q[3];
cx q[1],q[2];
barrier q[0],q[1],q[2],q[3],q[4];
cx q[1],q[4];
barrier q[0],q[1],q[2],q[3],q[4];
rz(0.4388743163636554) q[4];
rx(1.4091557871170461) q[0];
rx(2.116705124835985) q[2];
rx(4.431013381879165) q[3];
rz(4.768749746122598) q[1];
barrier q[0],q[1],q[2],q[3],q[4];
cx q[0],q[4];
barrier q[0],q[1],q[2],q[3],q[4];
cx q[0],q[4];
ry(2.909537502592828) q[2];
cx q[1],q[3];
barrier q[0],q[1],q[2],q[3],q[4];
mcx q[0],q[1],q[2],q[3],q[4];
barrier q[0],q[1],q[2],q[3],q[4];
ry(3.8940826949799603) q[1];
rx(4.281565765403569) q[3];
rx(1.5412920843056925) q[0];
cx q[2],q[4];
barrier q[0],q[1],q[2],q[3],q[4];
ry(1.6569465466672066) q[1];
rx(2.502258344330318) q[2];
cx q[3],q[4];
barrier q[0],q[1],q[2],q[3],q[4];
mcx_2222746150688 q[0],q[1],q[3],q[4];
barrier q[0],q[1],q[2],q[3],q[4];
rz(3.0155698951476797) q[2];
ccx q[0],q[3],q[4];
barrier q[0],q[1],q[2],q[3],q[4];
ry(1.7969648142606174) q[2];
rx(4.77983102019582) q[0];
rz(4.005717041159318) q[4];
cx q[1],q[3];
barrier q[0],q[1],q[2],q[3],q[4];
rz(2.278807664370022) q[0];
rz(5.539295171591113) q[3];
rx(6.0565113204434216) q[1];
rz(2.566374584639008) q[2];
barrier q[0],q[1],q[2],q[3],q[4];
ry(6.097765009563811) q[3];
rz(0.13776452048506088) q[2];
barrier q[0],q[1],q[2],q[3],q[4];
cx q[0],q[1];
rx(3.9892180194412643) q[2];
rx(3.8455643847868504) q[4];
ry(5.3488281462268485) q[3];
barrier q[0],q[1],q[2],q[3],q[4];
barrier q[0],q[1],q[2],q[3],q[4];
measure q[0] -> meas[0];
measure q[1] -> meas[1];
measure q[2] -> meas[2];
measure q[3] -> meas[3];
measure q[4] -> meas[4];","{""00110"": 17, ""11100"": 58, ""01011"": 186, ""00011"": 30, ""01100"": 139, ""11111"": 60, ""01101"": 6, ""00100"": 19, ""11000"": 15, ""01000"": 205, ""00000"": 27, ""00010"": 10, ""01111"": 105, ""10001"": 18, ""10111"": 8, ""10101"": 8, ""01110"": 7, ""11010"": 11, ""10100"": 16, ""00001"": 6, ""10010"": 14, ""10011"": 2, ""10110"": 8, ""00101"": 12, ""11001"": 3, ""11110"": 4, ""00111"": 13, ""11101"": 2, ""11011"": 9, ""01010"": 2, ""01001"": 4}",{},circuit_images\circuit_097.png
98,"OPENQASM 2.0;
include ""qelib1.inc"";
gate mcx q0,q1,q2,q3 { h q3; p(pi/8) q0; p(pi/8) q1; p(pi/8) q2; p(pi/8) q3; cx q0,q1; p(-pi/8) q1; cx q0,q1; cx q1,q2; p(-pi/8) q2; cx q0,q2; p(pi/8) q2; cx q1,q2; p(-pi/8) q2; cx q0,q2; cx q2,q3; p(-pi/8) q3; cx q1,q3; p(pi/8) q3; cx q2,q3; p(-pi/8) q3; cx q0,q3; p(pi/8) q3; cx q2,q3; p(-pi/8) q3; cx q1,q3; p(pi/8) q3; cx q2,q3; p(-pi/8) q3; cx q0,q3; h q3; }
qreg q[5];
creg meas[5];
rz(4.372029457993988) q[0];
cx q[3],q[4];
rx(3.5406837109900113) q[2];
ry(5.942033323700482) q[1];
barrier q[0],q[1],q[2],q[3],q[4];
cx q[1],q[4];
rx(3.0860652160206974) q[2];
rz(5.9988054798523525) q[0];
barrier q[0],q[1],q[2],q[3],q[4];
rz(3.7317871024940663) q[3];
mcx q[0],q[1],q[2],q[4];
barrier q[0],q[1],q[2],q[3],q[4];
rz(0.3609239305518409) q[3];
cx q[1],q[4];
rz(3.401374839539248) q[2];
rz(5.225548985970539) q[0];
barrier q[0],q[1],q[2],q[3],q[4];
rx(1.698822581251588) q[3];
rz(2.619046094345791) q[2];
rz(4.1610590828873635) q[4];
barrier q[0],q[1],q[2],q[3],q[4];
ry(2.8606717801124604) q[1];
rx(0.039483065942610016) q[2];
cx q[0],q[4];
rx(4.592760100314007) q[3];
barrier q[0],q[1],q[2],q[3],q[4];
cx q[2],q[4];
cx q[0],q[3];
barrier q[0],q[1],q[2],q[3],q[4];
ry(2.894516340495379) q[4];
rz(5.795101266717368) q[1];
rz(2.948759405108531) q[0];
ry(0.3968587123828492) q[3];
rx(0.30158088673882144) q[2];
barrier q[0],q[1],q[2],q[3],q[4];
cx q[0],q[1];
rz(1.0460059127317924) q[4];
rx(2.695992839020774) q[3];
ry(3.4845005234131876) q[2];
barrier q[0],q[1],q[2],q[3],q[4];
rz(4.562974474447236) q[1];
rz(5.012335349091201) q[4];
ry(3.03973367872784) q[2];
rx(0.7706446634262856) q[3];
barrier q[0],q[1],q[2],q[3],q[4];
cx q[3],q[4];
rz(1.0441626366786503) q[2];
cx q[0],q[1];
barrier q[0],q[1],q[2],q[3],q[4];
rx(2.954948910515917) q[2];
mcx q[0],q[1],q[3],q[4];
barrier q[0],q[1],q[2],q[3],q[4];
barrier q[0],q[1],q[2],q[3],q[4];
measure q[0] -> meas[0];
measure q[1] -> meas[1];
measure q[2] -> meas[2];
measure q[3] -> meas[3];
measure q[4] -> meas[4];","{""10100"": 7, ""01110"": 787, ""01010"": 42, ""10110"": 49, ""01100"": 83, ""11010"": 30, ""11100"": 4, ""11110"": 15, ""01000"": 4, ""00010"": 1, ""11000"": 2}",{},circuit_images\circuit_098.png
99,"OPENQASM 2.0;
include ""qelib1.inc"";
gate mcx q0,q1,q2,q3 { h q3; p(pi/8) q0; p(pi/8) q1; p(pi/8) q2; p(pi/8) q3; cx q0,q1; p(-pi/8) q1; cx q0,q1; cx q1,q2; p(-pi/8) q2; cx q0,q2; p(pi/8) q2; cx q1,q2; p(-pi/8) q2; cx q0,q2; cx q2,q3; p(-pi/8) q3; cx q1,q3; p(pi/8) q3; cx q2,q3; p(-pi/8) q3; cx q0,q3; p(pi/8) q3; cx q2,q3; p(-pi/8) q3; cx q1,q3; p(pi/8) q3; cx q2,q3; p(-pi/8) q3; cx q0,q3; h q3; }
qreg q[5];
creg meas[5];
ry(5.520089216314247) q[4];
rx(1.8980014674334391) q[3];
cx q[1],q[2];
rx(3.3977514458253566) q[0];
barrier q[0],q[1],q[2],q[3],q[4];
ry(3.8179995242939238) q[2];
rx(1.3137528329102348) q[1];
cx q[3],q[4];
rx(3.532066707777332) q[0];
barrier q[0],q[1],q[2],q[3],q[4];
rx(4.153986315990251) q[4];
cx q[1],q[2];
rx(1.2058853797880797) q[0];
ry(5.229148137564333) q[3];
barrier q[0],q[1],q[2],q[3],q[4];
rz(4.182557185009045) q[3];
ry(1.992188187507349) q[2];
rz(5.8641941722892135) q[0];
rx(3.157742681245181) q[1];
rx(0.13790098378591503) q[4];
barrier q[0],q[1],q[2],q[3],q[4];
mcx q[0],q[2],q[3],q[4];
rz(2.92731093626655) q[1];
barrier q[0],q[1],q[2],q[3],q[4];
barrier q[0],q[1],q[2],q[3],q[4];
measure q[0] -> meas[0];
measure q[1] -> meas[1];
measure q[2] -> meas[2];
measure q[3] -> meas[3];
measure q[4] -> meas[4];","{""11010"": 88, ""01000"": 17, ""00000"": 27, ""01011"": 84, ""11011"": 133, ""00011"": 118, ""01010"": 55, ""00001"": 48, ""01110"": 3, ""00010"": 90, ""10100"": 8, ""01100"": 17, ""11000"": 44, ""01101"": 29, ""00101"": 31, ""11001"": 57, ""10010"": 20, ""01001"": 28, ""10001"": 12, ""00110"": 6, ""11100"": 15, ""10011"": 32, ""00100"": 11, ""11101"": 13, ""11111"": 6, ""00111"": 5, ""10101"": 6, ""01111"": 7, ""11110"": 4, ""10000"": 7, ""10111"": 2, ""10110"": 1}",{},circuit_images\circuit_099.png
